"flag","geo.lat","geo.lon","met.rh","met.temp","neph.bin0","neph.bin1","neph.bin2","neph.bin3","neph.bin4","neph.bin5","neph.pm1","neph.pm10","neph.pm25","opc.bin0","opc.bin1","opc.bin10","opc.bin11","opc.bin12","opc.bin13","opc.bin14","opc.bin15","opc.bin16","opc.bin17","opc.bin18","opc.bin19","opc.bin2","opc.bin20","opc.bin21","opc.bin22","opc.bin23","opc.bin3","opc.bin4","opc.bin5","opc.bin6","opc.bin7","opc.bin8","opc.bin9","opc.pm1","opc.pm10","opc.pm25","opc.rh","opc.temp","sn","timestamp","timestamp_local","url"
0, 42.3328,-71.0976,81.03,17.63, 751.000, 221.667,  31.333,   3.333,   1.000,   0.000,   2.667,   5.000,   4.167, 9.3899, 0.7565, 0.0000, 0.0062, 0.0000, 0.0000, 0.0000, 0.0000, 0.0000, 0.0000, 0.0000, 0.0000, 0.1936, 0.0000, 0.0000, 0.0000, 0.0000, 0.0602, 0.0484, 0.0362, 0.0485, 0.0121, 0.0119, 0.0061, 1.5300,11.7300, 3.1800,54.9000,23.5000,"MOD-PM-00141","2022-09-20T23:59:57","2022-09-20T19:59:57","https://api.quant-aq.com/device-api/v1/devices/MOD-PM-00141/data/raw/183991115"
0, 42.3328,-71.0976,81.22,17.64, 735.000, 207.333,  35.000,   2.333,   1.667,   1.667,   2.000,   4.833,   3.667, 8.6975, 0.7546, 0.0058, 0.0000, 0.0000, 0.0000, 0.0000, 0.0000, 0.0000, 0.0000, 0.0000, 0.0000, 0.2032, 0.0000, 0.0000, 0.0000, 0.0000, 0.0698, 0.0403, 0.0462, 0.0175, 0.0000, 0.0117, 0.0059, 1.4600, 8.7500, 2.6100,55.1000,23.5000,"MOD-PM-00141","2022-09-20T23:58:57","2022-09-20T19:58:57","https://api.quant-aq.com/device-api/v1/devices/MOD-PM-00141/data/raw/183990852"
0, 42.3328,-71.0976,81.46,17.65, 808.000, 233.000,  36.333,   4.667,   1.667,   1.333,   3.167,   6.167,   4.833, 9.8411, 0.6266, 0.0058, 0.0000, 0.0059, 0.0000, 0.0000, 0.0000, 0.0000, 0.0000, 0.0000, 0.0000, 0.2574, 0.0000, 0.0000, 0.0000, 0.0000, 0.0596, 0.0597, 0.0180, 0.0296, 0.0119, 0.0058, 0.0000, 1.5800,11.5400, 2.8000,55.1000,23.5000,"MOD-PM-00141","2022-09-20T23:57:57","2022-09-20T19:57:57","https://api.quant-aq.com/device-api/v1/devices/MOD-PM-00141/data/raw/183990524"
0, 42.3328,-71.0976,81.43,17.65, 770.000, 224.333,  36.667,   1.333,   0.000,   0.000,   2.667,   4.667,   4.500, 9.5271, 0.8226, 0.0000, 0.0000, 0.0000, 0.0000, 0.0000, 0.0000, 0.0000, 0.0000, 0.0000, 0.0000, 0.1344, 0.0000, 0.0000, 0.0000, 0.0000, 0.0364, 0.0246, 0.0426, 0.0183, 0.0121, 0.0183, 0.0062, 1.4800, 7.9400, 2.7000,55.0000,23.5000,"MOD-PM-00141","2022-09-20T23:56:57","2022-09-20T19:56:57","https://api.quant-aq.com/device-api/v1/devices/MOD-PM-00141/data/raw/183990113"
0, 42.3328,-71.0976,80.95,17.65, 853.000, 252.667,  35.333,   1.000,   1.000,   0.000,   3.000,   4.833,   4.333,10.5357, 0.8279, 0.0000, 0.0000, 0.0000, 0.0000, 0.0000, 0.0000, 0.0000, 0.0000, 0.0000, 0.0000, 0.2631, 0.0000, 0.0000, 0.0000, 0.0000, 0.0783, 0.0393, 0.0527, 0.0326, 0.0261, 0.0256, 0.0065, 1.7400,11.0200, 3.6700,54.9000,23.5000,"MOD-PM-00141","2022-09-20T23:55:57","2022-09-20T19:55:57","https://api.quant-aq.com/device-api/v1/devices/MOD-PM-00141/data/raw/183989763"
0, 42.3328,-71.0976,81.10,17.66, 697.000, 206.667,  21.667,   0.667,   0.667,   0.667,   2.167,   3.167,   2.833, 9.8640, 0.8072, 0.0000, 0.0000, 0.0000, 0.0000, 0.0000, 0.0000, 0.0000, 0.0000, 0.0000, 0.0000, 0.2183, 0.0000, 0.0000, 0.0000, 0.0000, 0.0473, 0.0295, 0.0412, 0.0416, 0.0470, 0.0118, 0.0000, 1.5800, 8.5300, 3.5500,55.0000,23.5000,"MOD-PM-00141","2022-09-20T23:54:57","2022-09-20T19:54:57","https://api.quant-aq.com/device-api/v1/devices/MOD-PM-00141/data/raw/183989459"
0, 42.3328,-71.0976,81.18,17.66, 711.000, 213.667,  30.333,   6.333,   0.000,   0.000,   2.333,   4.500,   4.333,10.4398, 0.9921, 0.0000, 0.0000, 0.0000, 0.0000, 0.0000, 0.0000, 0.0000, 0.0000, 0.0000, 0.0000, 0.2784, 0.0000, 0.0000, 0.0000, 0.0000, 0.0652, 0.1016, 0.0896, 0.0537, 0.0060, 0.0061, 0.0058, 1.8500, 8.1400, 4.1500,55.1000,23.5000,"MOD-PM-00141","2022-09-20T23:53:57","2022-09-20T19:53:57","https://api.quant-aq.com/device-api/v1/devices/MOD-PM-00141/data/raw/183989122"
0, 42.3328,-71.0976,81.50,17.66, 917.000, 261.333,  52.333,   2.333,   0.000,   0.000,   3.333,   5.500,   5.500,11.8211, 1.3387, 0.0000, 0.0000, 0.0000, 0.0000, 0.0000, 0.0000, 0.0000, 0.0000, 0.0000, 0.0000, 0.4513, 0.0000, 0.0000, 0.0000, 0.0000, 0.0753, 0.1005, 0.0372, 0.0567, 0.0251, 0.0063, 0.0000, 2.2000, 7.7400, 4.3900,55.2000,23.5000,"MOD-PM-00141","2022-09-20T23:52:57","2022-09-20T19:52:57","https://api.quant-aq.com/device-api/v1/devices/MOD-PM-00141/data/raw/183988798"
0, 42.3328,-71.0976,81.33,17.66, 728.000, 210.000,  38.667,   4.333,   0.333,   0.333,   2.333,   4.667,   4.333,11.1917, 1.0717, 0.0061, 0.0061, 0.0000, 0.0000, 0.0000, 0.0000, 0.0000, 0.0000, 0.0000, 0.0000, 0.3839, 0.0000, 0.0000, 0.0000, 0.0000, 0.0871, 0.0615, 0.0305, 0.0618, 0.0185, 0.0246, 0.0124, 1.9800,19.2200, 4.1800,55.1000,23.5000,"MOD-PM-00141","2022-09-20T23:51:57","2022-09-20T19:51:57","https://api.quant-aq.com/device-api/v1/devices/MOD-PM-00141/data/raw/183988432"
0, 42.3328,-71.0976,81.30,17.66, 818.000, 234.333,  38.667,   0.667,   0.333,   0.333,   2.833,   5.000,   4.667,11.1093, 1.1391, 0.0000, 0.0000, 0.0063, 0.0000, 0.0000, 0.0000, 0.0000, 0.0000, 0.0000, 0.0000, 0.2918, 0.0000, 0.0000, 0.0000, 0.0000, 0.0712, 0.0787, 0.0908, 0.0519, 0.0196, 0.0000, 0.0131, 1.9600,14.5900, 4.3400,55.1000,23.5000,"MOD-PM-00141","2022-09-20T23:50:57","2022-09-20T19:50:57","https://api.quant-aq.com/device-api/v1/devices/MOD-PM-00141/data/raw/183988019"
0, 42.3328,-71.0976,81.31,17.66, 888.000, 258.333,  46.000,   2.333,   1.333,   1.333,   3.167,   6.333,   5.167,10.8461, 0.9484, 0.0000, 0.0000, 0.0000, 0.0000, 0.0000, 0.0000, 0.0000, 0.0000, 0.0000, 0.0000, 0.3244, 0.0000, 0.0000, 0.0000, 0.0000, 0.0477, 0.0718, 0.0363, 0.0359, 0.0060, 0.0120, 0.0060, 1.8400, 7.6800, 3.3700,55.2000,23.5000,"MOD-PM-00141","2022-09-20T23:49:57","2022-09-20T19:49:57","https://api.quant-aq.com/device-api/v1/devices/MOD-PM-00141/data/raw/183987707"
0, 42.3328,-71.0976,81.78,17.65, 672.000, 203.000,  38.667,   4.667,   0.667,   0.667,   2.333,   5.500,   4.500,10.8235, 0.9696, 0.0062, 0.0000, 0.0062, 0.0000, 0.0000, 0.0000, 0.0000, 0.0000, 0.0000, 0.0000, 0.3069, 0.0000, 0.0000, 0.0000, 0.0000, 0.0671, 0.0613, 0.0492, 0.0185, 0.0185, 0.0000, 0.0000, 1.8400,11.8200, 3.2700,55.3000,23.5000,"MOD-PM-00141","2022-09-20T23:48:57","2022-09-20T19:48:57","https://api.quant-aq.com/device-api/v1/devices/MOD-PM-00141/data/raw/183987385"
0, 42.3328,-71.0976,81.36,17.65, 740.000, 217.000,  32.000,   4.333,   2.667,   2.667,   2.000,   5.667,   3.667, 9.8752, 0.8636, 0.0117, 0.0059, 0.0000, 0.0000, 0.0000, 0.0000, 0.0000, 0.0000, 0.0000, 0.0000, 0.2642, 0.0000, 0.0000, 0.0000, 0.0000, 0.0537, 0.0876, 0.0651, 0.0539, 0.0117, 0.0178, 0.0000, 1.7000,16.7100, 3.9000,55.1000,23.5000,"MOD-PM-00141","2022-09-20T23:47:57","2022-09-20T19:47:57","https://api.quant-aq.com/device-api/v1/devices/MOD-PM-00141/data/raw/183987058"
0, 42.3328,-71.0976,81.31,17.66, 679.000, 207.667,  37.000,   3.333,   1.000,   1.000,   1.333,   4.333,   3.500, 9.2649, 0.7938, 0.0000, 0.0000, 0.0000, 0.0000, 0.0000, 0.0000, 0.0000, 0.0000, 0.0000, 0.0000, 0.2295, 0.0000, 0.0000, 0.0000, 0.0000, 0.0605, 0.0781, 0.0422, 0.0551, 0.0239, 0.0123, 0.0120, 1.5800,10.9500, 3.7000,55.1000,23.5000,"MOD-PM-00141","2022-09-20T23:46:57","2022-09-20T19:46:57","https://api.quant-aq.com/device-api/v1/devices/MOD-PM-00141/data/raw/183986743"
0, 42.3328,-71.0976,81.41,17.65, 753.000, 218.333,  32.000,   3.667,   0.000,   0.000,   2.000,   4.500,   4.500, 9.3612, 0.8370, 0.0000, 0.0000, 0.0000, 0.0000, 0.0000, 0.0000, 0.0000, 0.0000, 0.0000, 0.0000, 0.2612, 0.0000, 0.0000, 0.0000, 0.0000, 0.0431, 0.1099, 0.0493, 0.0544, 0.0246, 0.0245, 0.0000, 1.6400, 9.7900, 4.0000,55.1000,23.5000,"MOD-PM-00141","2022-09-20T23:45:57","2022-09-20T19:45:57","https://api.quant-aq.com/device-api/v1/devices/MOD-PM-00141/data/raw/183986353"
0, 42.3328,-71.0976,81.11,17.65, 871.000, 243.667,  52.333,   6.333,   0.667,   0.000,   2.500,   7.000,   5.500, 9.5565, 0.8604, 0.0000, 0.0000, 0.0000, 0.0000, 0.0000, 0.0000, 0.0000, 0.0000, 0.0000, 0.0000, 0.2001, 0.0000, 0.0000, 0.0000, 0.0000, 0.0547, 0.0488, 0.0786, 0.0360, 0.0061, 0.0000, 0.0121, 1.6000, 7.7300, 3.2800,54.9000,23.5000,"MOD-PM-00141","2022-09-20T23:44:57","2022-09-20T19:44:57","https://api.quant-aq.com/device-api/v1/devices/MOD-PM-00141/data/raw/183986030"
0, 42.3328,-71.0976,81.00,17.65, 834.000, 253.333,  58.667,   6.333,   2.000,   0.000,   2.667,   7.333,   6.333, 9.3051, 0.7727, 0.0000, 0.0000, 0.0000, 0.0000, 0.0000, 0.0000, 0.0000, 0.0000, 0.0000, 0.0000, 0.2583, 0.0000, 0.0000, 0.0000, 0.0000, 0.0499, 0.0759, 0.0313, 0.0188, 0.0381, 0.0063, 0.0000, 1.5700, 6.5500, 3.1800,55.0000,23.5000,"MOD-PM-00141","2022-09-20T23:43:57","2022-09-20T19:43:57","https://api.quant-aq.com/device-api/v1/devices/MOD-PM-00141/data/raw/183985725"
0, 42.3328,-71.0976,81.34,17.66, 841.000, 242.333,  35.667,   6.000,   3.333,   3.333,   2.833,   7.667,   5.000, 9.4885, 0.7825, 0.0000, 0.0000, 0.0000, 0.0000, 0.0000, 0.0000, 0.0000, 0.0000, 0.0000, 0.0000, 0.2604, 0.0000, 0.0000, 0.0000, 0.0000, 0.0427, 0.0313, 0.0311, 0.0249, 0.0121, 0.0124, 0.0000, 1.5500, 5.6300, 2.7400,55.2000,23.5000,"MOD-PM-00141","2022-09-20T23:42:57","2022-09-20T19:42:57","https://api.quant-aq.com/device-api/v1/devices/MOD-PM-00141/data/raw/183985362"
0, 42.3328,-71.0976,81.26,17.66, 932.000, 248.667,  37.333,   1.000,   1.000,   0.667,   2.500,   5.000,   4.333, 9.4489, 0.7236, 0.0000, 0.0000, 0.0000, 0.0000, 0.0000, 0.0000, 0.0000, 0.0000, 0.0000, 0.0000, 0.1376, 0.0000, 0.0000, 0.0000, 0.0000, 0.0238, 0.0603, 0.0599, 0.0060, 0.0121, 0.0060, 0.0060, 1.4700, 6.0800, 2.6900,55.2000,23.5000,"MOD-PM-00141","2022-09-20T23:41:57","2022-09-20T19:41:57","https://api.quant-aq.com/device-api/v1/devices/MOD-PM-00141/data/raw/183984989"
0, 42.3328,-71.0976,81.29,17.66, 895.000, 259.333,  42.667,   1.333,   1.333,   0.000,   3.333,   6.000,   5.333, 9.0994, 0.8067, 0.0000, 0.0000, 0.0000, 0.0000, 0.0000, 0.0000, 0.0000, 0.0000, 0.0000, 0.0000, 0.1879, 0.0000, 0.0000, 0.0000, 0.0000, 0.0365, 0.0670, 0.0424, 0.0121, 0.0121, 0.0000, 0.0000, 1.4900, 3.6700, 2.6100,55.2000,23.5000,"MOD-PM-00141","2022-09-20T23:40:57","2022-09-20T19:40:57","https://api.quant-aq.com/device-api/v1/devices/MOD-PM-00141/data/raw/183984644"
0, 42.3328,-71.0976,81.40,17.66, 747.000, 221.000,  33.000,   1.667,   0.000,   0.000,   2.667,   4.333,   4.333, 8.9187, 0.7205, 0.0000, 0.0000, 0.0000, 0.0000, 0.0000, 0.0000, 0.0000, 0.0000, 0.0000, 0.0000, 0.1741, 0.0000, 0.0000, 0.0000, 0.0000, 0.0240, 0.0656, 0.0480, 0.0238, 0.0238, 0.0180, 0.0000, 1.4300, 7.3800, 3.0600,55.4000,23.5000,"MOD-PM-00141","2022-09-20T23:39:57","2022-09-20T19:39:57","https://api.quant-aq.com/device-api/v1/devices/MOD-PM-00141/data/raw/183984322"
0, 42.3328,-71.0976,81.89,17.66, 812.000, 234.333,  50.000,   5.667,   1.333,   0.000,   2.667,   6.500,   5.833,10.1093, 0.9500, 0.0000, 0.0000, 0.0000, 0.0000, 0.0000, 0.0000, 0.0000, 0.0000, 0.0000, 0.0000, 0.2337, 0.0000, 0.0000, 0.0000, 0.0000, 0.0412, 0.0297, 0.0538, 0.0244, 0.0000, 0.0000, 0.0060, 1.6600, 5.0100, 2.7800,55.4000,23.5000,"MOD-PM-00141","2022-09-20T23:38:57","2022-09-20T19:38:57","https://api.quant-aq.com/device-api/v1/devices/MOD-PM-00141/data/raw/183984039"
0, 42.3328,-71.0976,81.47,17.66, 824.000, 240.333,  42.333,   7.333,   0.000,   0.000,   2.833,   5.667,   5.333,10.3787, 0.8764, 0.0000, 0.0000, 0.0000, 0.0000, 0.0000, 0.0000, 0.0000, 0.0000, 0.0000, 0.0000, 0.2496, 0.0000, 0.0000, 0.0000, 0.0000, 0.0542, 0.0965, 0.0362, 0.0244, 0.0061, 0.0000, 0.0243, 1.7400,10.5400, 3.1800,55.1000,23.5000,"MOD-PM-00141","2022-09-20T23:37:57","2022-09-20T19:37:57","https://api.quant-aq.com/device-api/v1/devices/MOD-PM-00141/data/raw/183983659"
0, 42.3328,-71.0976,80.97,17.67, 762.000, 213.667,  39.000,   2.333,   0.000,   0.000,   1.833,   4.000,   3.667,10.1157, 0.9425, 0.0062, 0.0062, 0.0000, 0.0000, 0.0000, 0.0000, 0.0000, 0.0000, 0.0000, 0.0000, 0.1388, 0.0000, 0.0000, 0.0000, 0.0000, 0.0362, 0.0364, 0.0727, 0.0062, 0.0184, 0.0000, 0.0060, 1.6000,12.2300, 2.9000,55.1000,23.5000,"MOD-PM-00141","2022-09-20T23:36:57","2022-09-20T19:36:57","https://api.quant-aq.com/device-api/v1/devices/MOD-PM-00141/data/raw/183983319"
0, 42.3328,-71.0976,81.39,17.67, 840.000, 237.333,  49.000,   0.667,   0.000,   0.000,   3.333,   5.333,   5.000, 9.8979, 0.9058, 0.0060, 0.0000, 0.0000, 0.0000, 0.0000, 0.0000, 0.0000, 0.0000, 0.0000, 0.0000, 0.2133, 0.0000, 0.0000, 0.0000, 0.0000, 0.0616, 0.0428, 0.0492, 0.0308, 0.0000, 0.0000, 0.0000, 1.6400, 6.1400, 2.8600,55.4000,23.5000,"MOD-PM-00141","2022-09-20T23:35:57","2022-09-20T19:35:57","https://api.quant-aq.com/device-api/v1/devices/MOD-PM-00141/data/raw/183982973"
0, 42.3328,-71.0976,81.76,17.66, 864.000, 245.333,  41.667,   2.000,   0.333,   0.333,   2.667,   5.833,   5.500, 9.8857, 0.8588, 0.0058, 0.0000, 0.0000, 0.0000, 0.0000, 0.0000, 0.0000, 0.0000, 0.0000, 0.0000, 0.2372, 0.0000, 0.0000, 0.0000, 0.0000, 0.0236, 0.0412, 0.0176, 0.0473, 0.0177, 0.0000, 0.0000, 1.5900, 7.2600, 2.9300,55.5000,23.5000,"MOD-PM-00141","2022-09-20T23:34:57","2022-09-20T19:34:57","https://api.quant-aq.com/device-api/v1/devices/MOD-PM-00141/data/raw/183982597"
0, 42.3328,-71.0976,81.74,17.66, 721.000, 216.000,  44.333,   3.000,   1.000,   0.000,   2.000,   5.333,   4.667,10.5010, 0.8132, 0.0062, 0.0000, 0.0000, 0.0000, 0.0000, 0.0000, 0.0000, 0.0000, 0.0000, 0.0000, 0.2081, 0.0000, 0.0000, 0.0000, 0.0000, 0.0607, 0.0549, 0.0308, 0.0243, 0.0244, 0.0062, 0.0000, 1.6800, 8.4400, 3.0900,55.4000,23.5000,"MOD-PM-00141","2022-09-20T23:33:57","2022-09-20T19:33:57","https://api.quant-aq.com/device-api/v1/devices/MOD-PM-00141/data/raw/183982308"
0, 42.3328,-71.0976,81.44,17.66, 762.000, 229.667,  37.000,   3.667,   2.667,   1.000,   2.833,   5.500,   4.167,10.0451, 0.7522, 0.0058, 0.0000, 0.0000, 0.0000, 0.0000, 0.0000, 0.0000, 0.0000, 0.0000, 0.0000, 0.2257, 0.0000, 0.0000, 0.0000, 0.0000, 0.0181, 0.0239, 0.0479, 0.0117, 0.0420, 0.0059, 0.0180, 1.5600,13.7700, 3.1000,55.4000,23.5000,"MOD-PM-00141","2022-09-20T23:32:57","2022-09-20T19:32:57","https://api.quant-aq.com/device-api/v1/devices/MOD-PM-00141/data/raw/183982017"
0, 42.3328,-71.0976,81.63,17.66, 753.000, 209.667,  35.333,   4.667,   0.000,   0.000,   1.833,   4.667,   3.833,10.2766, 0.7573, 0.0000, 0.0000, 0.0000, 0.0000, 0.0000, 0.0000, 0.0000, 0.0000, 0.0000, 0.0000, 0.2219, 0.0000, 0.0000, 0.0000, 0.0000, 0.0484, 0.0303, 0.0483, 0.0180, 0.0061, 0.0000, 0.0000, 1.6200, 3.5000, 2.6600,55.4000,23.5000,"MOD-PM-00141","2022-09-20T23:31:57","2022-09-20T19:31:57","https://api.quant-aq.com/device-api/v1/devices/MOD-PM-00141/data/raw/183981647"
0, 42.3328,-71.0976,81.64,17.66, 818.000, 244.667,  41.000,   4.333,   1.667,   0.000,   2.833,   5.833,   4.667, 9.6258, 0.8435, 0.0000, 0.0000, 0.0000, 0.0000, 0.0000, 0.0000, 0.0000, 0.0000, 0.0000, 0.0000, 0.1824, 0.0000, 0.0000, 0.0000, 0.0000, 0.0423, 0.0548, 0.0607, 0.0063, 0.0062, 0.0000, 0.0000, 1.5600, 3.3500, 2.6400,55.6000,23.5000,"MOD-PM-00141","2022-09-20T23:30:57","2022-09-20T19:30:57","https://api.quant-aq.com/device-api/v1/devices/MOD-PM-00141/data/raw/183981316"
0, 42.3328,-71.0976,82.03,17.66, 816.000, 229.667,  43.333,   0.000,   0.000,   0.000,   2.167,   4.500,   4.500, 9.3801, 0.8133, 0.0062, 0.0060, 0.0000, 0.0000, 0.0000, 0.0000, 0.0000, 0.0000, 0.0000, 0.0000, 0.2188, 0.0000, 0.0000, 0.0000, 0.0000, 0.0423, 0.0730, 0.0483, 0.0184, 0.0243, 0.0061, 0.0060, 1.5600,13.6800, 3.1300,55.7000,23.5000,"MOD-PM-00141","2022-09-20T23:29:57","2022-09-20T19:29:57","https://api.quant-aq.com/device-api/v1/devices/MOD-PM-00141/data/raw/183980901"
0, 42.3328,-71.0976,82.05,17.66, 787.000, 231.333,  38.333,   4.667,   0.000,   0.000,   3.000,   5.167,   5.167, 9.6558, 0.7930, 0.0000, 0.0000, 0.0000, 0.0000, 0.0000, 0.0000, 0.0000, 0.0000, 0.0000, 0.0000, 0.2564, 0.0000, 0.0000, 0.0000, 0.0000, 0.0718, 0.0710, 0.0412, 0.0470, 0.0240, 0.0180, 0.0000, 1.6400, 8.3500, 3.6400,55.5000,23.5000,"MOD-PM-00141","2022-09-20T23:28:57","2022-09-20T19:28:57","https://api.quant-aq.com/device-api/v1/devices/MOD-PM-00141/data/raw/183980587"
0, 42.3328,-71.0976,81.53,17.66, 720.000, 214.333,  51.333,   5.000,   0.000,   0.000,   2.167,   5.667,   5.500,10.3136, 0.9974, 0.0000, 0.0000, 0.0000, 0.0000, 0.0000, 0.0000, 0.0000, 0.0000, 0.0000, 0.0000, 0.3469, 0.0000, 0.0000, 0.0000, 0.0000, 0.0610, 0.0608, 0.0182, 0.0365, 0.0061, 0.0121, 0.0000, 1.8000, 5.8000, 3.1300,55.3000,23.5000,"MOD-PM-00141","2022-09-20T23:27:57","2022-09-20T19:27:57","https://api.quant-aq.com/device-api/v1/devices/MOD-PM-00141/data/raw/183980249"
0, 42.3328,-71.0976,81.52,17.65, 649.000, 191.000,  39.333,   3.333,   1.333,   0.000,   1.667,   4.500,   3.833, 9.6695, 1.0845, 0.0000, 0.0060, 0.0000, 0.0000, 0.0000, 0.0000, 0.0000, 0.0000, 0.0000, 0.0000, 0.2857, 0.0000, 0.0000, 0.0000, 0.0000, 0.0611, 0.0431, 0.0791, 0.0369, 0.0125, 0.0186, 0.0119, 1.7300,14.6300, 3.7200,55.3000,23.5000,"MOD-PM-00141","2022-09-20T23:26:57","2022-09-20T19:26:57","https://api.quant-aq.com/device-api/v1/devices/MOD-PM-00141/data/raw/183979885"
0, 42.3328,-71.0976,81.33,17.65, 739.000, 210.333,  46.000,   0.000,   0.000,   0.000,   2.000,   4.500,   4.500, 9.4351, 0.7712, 0.0000, 0.0000, 0.0000, 0.0000, 0.0000, 0.0000, 0.0000, 0.0000, 0.0000, 0.0000, 0.1821, 0.0000, 0.0000, 0.0000, 0.0000, 0.0304, 0.0363, 0.0423, 0.0487, 0.0061, 0.0183, 0.0000, 1.4900, 6.8500, 3.0500,55.3000,23.5000,"MOD-PM-00141","2022-09-20T23:25:57","2022-09-20T19:25:57","https://api.quant-aq.com/device-api/v1/devices/MOD-PM-00141/data/raw/183979559"
0, 42.3328,-71.0976,81.74,17.65, 669.000, 190.333,  26.667,   5.333,   0.000,   0.000,   1.333,   3.500,   3.000, 9.6917, 0.8935, 0.0000, 0.0000, 0.0000, 0.0000, 0.0000, 0.0000, 0.0000, 0.0000, 0.0000, 0.0000, 0.2342, 0.0000, 0.0000, 0.0000, 0.0000, 0.0478, 0.0603, 0.0359, 0.0305, 0.0058, 0.0123, 0.0000, 1.6200, 5.6200, 2.9600,55.4000,23.5000,"MOD-PM-00141","2022-09-20T23:24:57","2022-09-20T19:24:57","https://api.quant-aq.com/device-api/v1/devices/MOD-PM-00141/data/raw/183979214"
0, 42.3328,-71.0976,81.57,17.65, 800.000, 226.333,  39.000,   3.667,   0.000,   0.000,   2.833,   5.333,   5.333, 9.1753, 0.7478, 0.0000, 0.0000, 0.0060, 0.0000, 0.0000, 0.0000, 0.0000, 0.0000, 0.0000, 0.0000, 0.2106, 0.0000, 0.0000, 0.0000, 0.0000, 0.0671, 0.0965, 0.0243, 0.0423, 0.0058, 0.0118, 0.0060, 1.5500,11.7900, 3.1500,55.2000,23.5000,"MOD-PM-00141","2022-09-20T23:23:57","2022-09-20T19:23:57","https://api.quant-aq.com/device-api/v1/devices/MOD-PM-00141/data/raw/183978884"
0, 42.3328,-71.0976,81.40,17.65, 731.000, 218.333,  49.000,   5.333,   1.333,   0.000,   2.667,   6.500,   5.167, 8.5153, 0.8342, 0.0122, 0.0061, 0.0000, 0.0000, 0.0000, 0.0000, 0.0000, 0.0000, 0.0000, 0.0000, 0.2983, 0.0000, 0.0000, 0.0000, 0.0000, 0.0358, 0.0531, 0.0826, 0.0300, 0.0361, 0.0177, 0.0175, 1.5200,22.5100, 3.8200,55.2000,23.5000,"MOD-PM-00141","2022-09-20T23:22:57","2022-09-20T19:22:57","https://api.quant-aq.com/device-api/v1/devices/MOD-PM-00141/data/raw/183978567"
0, 42.3328,-71.0976,81.35,17.65, 811.000, 238.000,  46.333,   4.000,   1.000,   0.000,   2.000,   5.167,   4.333, 8.5617, 0.7430, 0.0000, 0.0000, 0.0000, 0.0000, 0.0000, 0.0000, 0.0000, 0.0000, 0.0000, 0.0000, 0.1710, 0.0000, 0.0000, 0.0000, 0.0000, 0.0525, 0.0709, 0.0657, 0.0354, 0.0177, 0.0180, 0.0000, 1.4400, 7.6200, 3.3600,55.3000,23.5000,"MOD-PM-00141","2022-09-20T23:21:57","2022-09-20T19:21:57","https://api.quant-aq.com/device-api/v1/devices/MOD-PM-00141/data/raw/183978207"
0, 42.3328,-71.0976,81.57,17.66, 823.000, 237.000,  27.667,   3.333,   1.000,   1.000,   2.333,   4.833,   4.167, 8.6300, 0.8368, 0.0185, 0.0000, 0.0000, 0.0000, 0.0000, 0.0000, 0.0000, 0.0000, 0.0000, 0.0000, 0.2756, 0.0000, 0.0000, 0.0000, 0.0000, 0.0577, 0.0815, 0.0692, 0.0438, 0.0315, 0.0119, 0.0181, 1.5600,20.9900, 3.9700,55.4000,23.5000,"MOD-PM-00141","2022-09-20T23:20:57","2022-09-20T19:20:57","https://api.quant-aq.com/device-api/v1/devices/MOD-PM-00141/data/raw/183977837"
0, 42.3328,-71.0976,81.90,17.66, 622.000, 172.333,  29.667,   0.000,   0.000,   0.000,   1.333,   2.667,   2.667, 8.5796, 0.7115, 0.0000, 0.0000, 0.0000, 0.0000, 0.0000, 0.0000, 0.0000, 0.0000, 0.0000, 0.0000, 0.1939, 0.0000, 0.0000, 0.0000, 0.0000, 0.0856, 0.0979, 0.0181, 0.0369, 0.0308, 0.0063, 0.0121, 1.4800, 9.7600, 3.3000,55.5000,23.5000,"MOD-PM-00141","2022-09-20T23:19:57","2022-09-20T19:19:57","https://api.quant-aq.com/device-api/v1/devices/MOD-PM-00141/data/raw/183977500"
0, 42.3328,-71.0976,81.74,17.66, 669.000, 189.333,  31.333,   2.000,   0.000,   0.000,   2.000,   3.667,   3.667, 8.6209, 0.6932, 0.0000, 0.0000, 0.0000, 0.0000, 0.0000, 0.0000, 0.0000, 0.0000, 0.0000, 0.0000, 0.1746, 0.0000, 0.0000, 0.0000, 0.0000, 0.0311, 0.0495, 0.0503, 0.0508, 0.0127, 0.0063, 0.0000, 1.3900, 5.6700, 3.0700,55.3000,23.5000,"MOD-PM-00141","2022-09-20T23:18:57","2022-09-20T19:18:57","https://api.quant-aq.com/device-api/v1/devices/MOD-PM-00141/data/raw/183977183"
0, 42.3328,-71.0976,81.27,17.66, 738.000, 210.333,  31.000,   8.333,   1.667,   0.000,   2.000,   5.500,   4.000, 7.7732, 0.7750, 0.0059, 0.0119, 0.0000, 0.0000, 0.0000, 0.0000, 0.0000, 0.0000, 0.0000, 0.0000, 0.2684, 0.0000, 0.0000, 0.0000, 0.0000, 0.0238, 0.0773, 0.0301, 0.0415, 0.0238, 0.0118, 0.0060, 1.3900,18.2000, 3.1500,55.2000,23.5000,"MOD-PM-00141","2022-09-20T23:17:57","2022-09-20T19:17:57","https://api.quant-aq.com/device-api/v1/devices/MOD-PM-00141/data/raw/183976843"
0, 42.3328,-71.0976,81.43,17.67, 625.000, 177.333,  37.333,   4.333,   1.333,   1.333,   1.333,   4.500,   3.333, 8.4354, 0.6017, 0.0000, 0.0000, 0.0000, 0.0000, 0.0000, 0.0000, 0.0000, 0.0000, 0.0000, 0.0000, 0.2418, 0.0000, 0.0000, 0.0000, 0.0000, 0.0499, 0.0679, 0.0682, 0.0311, 0.0247, 0.0062, 0.0122, 1.4300, 9.5600, 3.3600,55.3000,23.5000,"MOD-PM-00141","2022-09-20T23:16:57","2022-09-20T19:16:57","https://api.quant-aq.com/device-api/v1/devices/MOD-PM-00141/data/raw/183976567"
0, 42.3328,-71.0976,81.32,17.68, 605.000, 181.333,  32.000,   1.667,   1.000,   0.000,   1.500,   3.833,   3.167, 8.2387, 0.6248, 0.0000, 0.0000, 0.0000, 0.0000, 0.0000, 0.0000, 0.0000, 0.0000, 0.0000, 0.0000, 0.2720, 0.0000, 0.0000, 0.0000, 0.0000, 0.0681, 0.0620, 0.0494, 0.0246, 0.0124, 0.0123, 0.0063, 1.4300, 7.6200, 2.9900,55.2000,23.5000,"MOD-PM-00141","2022-09-20T23:15:57","2022-09-20T19:15:57","https://api.quant-aq.com/device-api/v1/devices/MOD-PM-00141/data/raw/183976183"
0, 42.3328,-71.0976,81.50,17.67, 855.000, 229.667,  43.667,   0.667,   0.000,   0.000,   2.667,   5.167,   5.167, 8.1628, 0.6154, 0.0000, 0.0000, 0.0000, 0.0000, 0.0000, 0.0000, 0.0000, 0.0000, 0.0000, 0.0000, 0.1863, 0.0000, 0.0000, 0.0000, 0.0000, 0.0545, 0.1025, 0.0308, 0.0366, 0.0372, 0.0240, 0.0000, 1.3800, 9.5000, 3.4700,55.4000,23.5000,"MOD-PM-00141","2022-09-20T23:14:57","2022-09-20T19:14:57","https://api.quant-aq.com/device-api/v1/devices/MOD-PM-00141/data/raw/183975846"
0, 42.3328,-71.0976,81.80,17.67, 746.000, 212.000,  34.000,   5.000,   0.000,   0.000,   2.667,   5.167,   4.000, 9.2103, 0.8268, 0.0000, 0.0000, 0.0000, 0.0000, 0.0000, 0.0000, 0.0000, 0.0000, 0.0000, 0.0000, 0.2640, 0.0000, 0.0000, 0.0000, 0.0000, 0.0489, 0.0608, 0.0433, 0.0065, 0.0061, 0.0059, 0.0062, 1.5700, 5.7100, 2.6500,55.4000,23.5000,"MOD-PM-00141","2022-09-20T23:13:57","2022-09-20T19:13:57","https://api.quant-aq.com/device-api/v1/devices/MOD-PM-00141/data/raw/183975547"
0, 42.3328,-71.0976,81.50,17.68, 886.000, 243.333,  43.000,   3.667,   1.000,   1.000,   2.833,   6.500,   5.000, 8.7085, 0.7119, 0.0000, 0.0000, 0.0000, 0.0000, 0.0000, 0.0000, 0.0000, 0.0000, 0.0000, 0.0000, 0.2102, 0.0000, 0.0000, 0.0000, 0.0000, 0.0380, 0.0637, 0.0318, 0.0317, 0.0000, 0.0126, 0.0000, 1.4400, 5.0700, 2.6700,55.2000,23.5000,"MOD-PM-00141","2022-09-20T23:12:57","2022-09-20T19:12:57","https://api.quant-aq.com/device-api/v1/devices/MOD-PM-00141/data/raw/183975095"
0, 42.3328,-71.0976,81.31,17.68, 853.000, 245.000,  45.000,   2.667,   0.667,   0.667,   2.833,   5.833,   5.333, 8.5734, 0.5766, 0.0000, 0.0000, 0.0000, 0.0000, 0.0000, 0.0000, 0.0000, 0.0000, 0.0000, 0.0000, 0.1823, 0.0000, 0.0000, 0.0000, 0.0000, 0.0611, 0.0848, 0.0425, 0.0244, 0.0120, 0.0239, 0.0061, 1.4100, 9.1800, 3.0600,55.2000,23.5000,"MOD-PM-00141","2022-09-20T23:11:57","2022-09-20T19:11:57","https://api.quant-aq.com/device-api/v1/devices/MOD-PM-00141/data/raw/183974697"
0, 42.3328,-71.0976,81.32,17.68, 712.000, 201.667,  22.000,   0.000,   0.000,   0.000,   2.000,   3.167,   3.167, 8.2554, 0.7170, 0.0061, 0.0000, 0.0000, 0.0000, 0.0000, 0.0000, 0.0000, 0.0000, 0.0000, 0.0000, 0.1162, 0.0000, 0.0000, 0.0000, 0.0000, 0.0549, 0.0786, 0.0660, 0.0180, 0.0308, 0.0181, 0.0116, 1.3700,13.6700, 3.3300,55.0000,23.5000,"MOD-PM-00141","2022-09-20T23:10:57","2022-09-20T19:10:57","https://api.quant-aq.com/device-api/v1/devices/MOD-PM-00141/data/raw/183974451"
0, 42.3328,-71.0976,80.91,17.69, 700.000, 191.667,  30.333,   0.333,   0.000,   0.000,   2.000,   3.500,   3.500, 7.3543, 0.6354, 0.0000, 0.0000, 0.0000, 0.0000, 0.0000, 0.0000, 0.0000, 0.0000, 0.0000, 0.0000, 0.1585, 0.0000, 0.0000, 0.0000, 0.0000, 0.0426, 0.0785, 0.0609, 0.0060, 0.0123, 0.0240, 0.0060, 1.2600, 8.6300, 2.7700,54.9000,23.5000,"MOD-PM-00141","2022-09-20T23:09:57","2022-09-20T19:09:57","https://api.quant-aq.com/device-api/v1/devices/MOD-PM-00141/data/raw/183974171"
0, 42.3328,-71.0976,80.96,17.69, 643.000, 188.000,  35.000,   6.333,   0.000,   0.000,   1.667,   4.833,   4.333, 7.2623, 0.5089, 0.0000, 0.0000, 0.0000, 0.0000, 0.0000, 0.0000, 0.0000, 0.0000, 0.0000, 0.0000, 0.2000, 0.0000, 0.0000, 0.0000, 0.0000, 0.0117, 0.0368, 0.0424, 0.0245, 0.0122, 0.0000, 0.0060, 1.1700, 5.1500, 2.3100,55.0000,23.5000,"MOD-PM-00141","2022-09-20T23:08:57","2022-09-20T19:08:57","https://api.quant-aq.com/device-api/v1/devices/MOD-PM-00141/data/raw/183973848"
0, 42.3328,-71.0976,80.89,17.69, 698.000, 209.000,  32.333,   7.667,   0.000,   0.000,   2.000,   5.000,   4.667, 7.4633, 0.5670, 0.0064, 0.0064, 0.0064, 0.0000, 0.0000, 0.0000, 0.0000, 0.0000, 0.0000, 0.0000, 0.1742, 0.0000, 0.0000, 0.0000, 0.0000, 0.0515, 0.0577, 0.0580, 0.0260, 0.0194, 0.0000, 0.0129, 1.2500,19.1700, 2.8400,54.9000,23.5000,"MOD-PM-00141","2022-09-20T23:07:57","2022-09-20T19:07:57","https://api.quant-aq.com/device-api/v1/devices/MOD-PM-00141/data/raw/183973495"
0, 42.3328,-71.0976,80.93,17.70, 686.000, 197.333,  33.667,   1.000,   1.000,   0.000,   2.000,   4.333,   3.667, 6.9720, 0.6522, 0.0000, 0.0000, 0.0000, 0.0000, 0.0000, 0.0000, 0.0000, 0.0000, 0.0000, 0.0000, 0.2113, 0.0000, 0.0000, 0.0000, 0.0000, 0.0250, 0.0370, 0.0435, 0.0430, 0.0123, 0.0186, 0.0122, 1.2000,10.1500, 2.8400,55.0000,23.5000,"MOD-PM-00141","2022-09-20T23:06:57","2022-09-20T19:06:57","https://api.quant-aq.com/device-api/v1/devices/MOD-PM-00141/data/raw/183973072"
0, 42.3328,-71.0976,80.97,17.70, 672.000, 194.333,  30.667,   2.667,   0.000,   0.000,   1.500,   3.833,   3.167, 7.3074, 0.6264, 0.0000, 0.0000, 0.0000, 0.0000, 0.0000, 0.0000, 0.0000, 0.0000, 0.0000, 0.0000, 0.2723, 0.0000, 0.0000, 0.0000, 0.0000, 0.0741, 0.0562, 0.0436, 0.0124, 0.0124, 0.0062, 0.0000, 1.3200, 4.4700, 2.5600,55.0000,23.5000,"MOD-PM-00141","2022-09-20T23:05:57","2022-09-20T19:05:57","https://api.quant-aq.com/device-api/v1/devices/MOD-PM-00141/data/raw/183972674"
0, 42.3328,-71.0976,80.98,17.71, 674.000, 201.667,  36.667,   5.333,   0.000,   0.000,   1.667,   4.667,   3.667, 6.9319, 0.5368, 0.0000, 0.0000, 0.0000, 0.0000, 0.0000, 0.0000, 0.0000, 0.0000, 0.0000, 0.0000, 0.1822, 0.0000, 0.0000, 0.0000, 0.0000, 0.0610, 0.0485, 0.0734, 0.0124, 0.0122, 0.0120, 0.0000, 1.2000, 5.4500, 2.6600,55.1000,23.5000,"MOD-PM-00141","2022-09-20T23:04:57","2022-09-20T19:04:57","https://api.quant-aq.com/device-api/v1/devices/MOD-PM-00141/data/raw/183972399"
0, 42.3328,-71.0976,81.03,17.71, 643.000, 195.667,  25.000,   2.333,   0.000,   0.000,   2.000,   3.667,   3.667, 6.9955, 0.6866, 0.0062, 0.0000, 0.0000, 0.0000, 0.0000, 0.0000, 0.0000, 0.0000, 0.0000, 0.0000, 0.1643, 0.0000, 0.0000, 0.0000, 0.0000, 0.0668, 0.0426, 0.0611, 0.0428, 0.0121, 0.0000, 0.0061, 1.2300, 8.7500, 2.8900,55.2000,23.5000,"MOD-PM-00141","2022-09-20T23:03:57","2022-09-20T19:03:57","https://api.quant-aq.com/device-api/v1/devices/MOD-PM-00141/data/raw/183972078"
0, 42.3328,-71.0976,81.47,17.72, 651.000, 179.000,  26.000,   2.667,   1.333,   0.000,   1.667,   3.667,   3.000, 7.8374, 0.8595, 0.0061, 0.0000, 0.0000, 0.0000, 0.0000, 0.0000, 0.0000, 0.0000, 0.0000, 0.0000, 0.1679, 0.0000, 0.0000, 0.0000, 0.0000, 0.0497, 0.0811, 0.0625, 0.0437, 0.0247, 0.0062, 0.0000, 1.4000, 9.2100, 3.4200,55.5000,23.5000,"MOD-PM-00141","2022-09-20T23:02:57","2022-09-20T19:02:57","https://api.quant-aq.com/device-api/v1/devices/MOD-PM-00141/data/raw/183971740"
0, 42.3328,-71.0976,81.62,17.71, 785.000, 225.333,  49.333,   3.000,   0.667,   0.000,   2.167,   5.333,   5.000, 8.1168, 0.6781, 0.0059, 0.0000, 0.0000, 0.0000, 0.0000, 0.0000, 0.0000, 0.0000, 0.0000, 0.0000, 0.1763, 0.0000, 0.0000, 0.0000, 0.0000, 0.0904, 0.0305, 0.0909, 0.0365, 0.0244, 0.0365, 0.0059, 1.3900,15.0700, 3.7500,55.4000,23.5000,"MOD-PM-00141","2022-09-20T23:01:57","2022-09-20T19:01:57","https://api.quant-aq.com/device-api/v1/devices/MOD-PM-00141/data/raw/183971393"
0, 42.3328,-71.0976,81.71,17.73, 645.000, 193.000,  41.000,   3.667,   3.333,   1.667,   1.500,   5.000,   3.167, 7.5840, 0.8849, 0.0059, 0.0000, 0.0000, 0.0000, 0.0000, 0.0000, 0.0000, 0.0000, 0.0000, 0.0000, 0.1374, 0.0000, 0.0000, 0.0000, 0.0000, 0.0419, 0.0657, 0.0354, 0.0355, 0.0241, 0.0237, 0.0061, 1.3200,12.5100, 3.1100,55.5000,23.5000,"MOD-PM-00141","2022-09-20T23:00:57","2022-09-20T19:00:57","https://api.quant-aq.com/device-api/v1/devices/MOD-PM-00141/data/raw/183971022"
0, 42.3328,-71.0976,81.57,17.72, 757.000, 225.000,  44.000,   6.333,   0.000,   0.000,   1.667,   4.833,   4.833, 7.6754, 0.7950, 0.0000, 0.0000, 0.0062, 0.0000, 0.0000, 0.0000, 0.0000, 0.0000, 0.0000, 0.0000, 0.2050, 0.0000, 0.0000, 0.0000, 0.0000, 0.0808, 0.0310, 0.0186, 0.0249, 0.0062, 0.0000, 0.0000, 1.3400, 7.5100, 2.2600,55.4000,23.5000,"MOD-PM-00141","2022-09-20T22:59:57","2022-09-20T18:59:57","https://api.quant-aq.com/device-api/v1/devices/MOD-PM-00141/data/raw/183970671"
0, 42.3328,-71.0976,81.48,17.72, 598.000, 174.667,  32.667,   4.333,   2.333,   0.000,   1.167,   4.667,   3.000, 7.3632, 0.6013, 0.0000, 0.0000, 0.0000, 0.0000, 0.0000, 0.0000, 0.0000, 0.0000, 0.0000, 0.0000, 0.2498, 0.0000, 0.0000, 0.0000, 0.0000, 0.0488, 0.0485, 0.0486, 0.0366, 0.0000, 0.0123, 0.0000, 1.2900, 5.1900, 2.6900,55.3000,23.5000,"MOD-PM-00141","2022-09-20T22:58:57","2022-09-20T18:58:57","https://api.quant-aq.com/device-api/v1/devices/MOD-PM-00141/data/raw/183970333"
0, 42.3328,-71.0976,81.19,17.72, 674.000, 193.333,  28.667,   3.000,   0.000,   0.000,   2.000,   3.667,   3.500, 7.3367, 0.7079, 0.0061, 0.0000, 0.0000, 0.0000, 0.0000, 0.0000, 0.0000, 0.0000, 0.0000, 0.0000, 0.2019, 0.0000, 0.0000, 0.0000, 0.0000, 0.0673, 0.0794, 0.0366, 0.0244, 0.0122, 0.0124, 0.0061, 1.3200, 9.9500, 2.8100,55.3000,23.5000,"MOD-PM-00141","2022-09-20T22:57:57","2022-09-20T18:57:57","https://api.quant-aq.com/device-api/v1/devices/MOD-PM-00141/data/raw/183970001"
0, 42.3328,-71.0976,81.58,17.72, 673.000, 198.000,  41.333,   3.000,   0.333,   0.000,   2.167,   4.833,   4.667, 7.1003, 0.7020, 0.0000, 0.0000, 0.0000, 0.0000, 0.0000, 0.0000, 0.0000, 0.0000, 0.0000, 0.0000, 0.1492, 0.0000, 0.0000, 0.0000, 0.0000, 0.0595, 0.0597, 0.0296, 0.0359, 0.0058, 0.0118, 0.0000, 1.2300, 5.2200, 2.5600,55.5000,23.5000,"MOD-PM-00141","2022-09-20T22:56:57","2022-09-20T18:56:57","https://api.quant-aq.com/device-api/v1/devices/MOD-PM-00141/data/raw/183969616"
0, 42.3328,-71.0976,81.35,17.72, 792.000, 229.000,  40.333,   2.333,   0.000,   0.000,   2.833,   5.000,   4.500, 7.6014, 0.7627, 0.0000, 0.0000, 0.0000, 0.0000, 0.0000, 0.0000, 0.0000, 0.0000, 0.0000, 0.0000, 0.2295, 0.0000, 0.0000, 0.0000, 0.0000, 0.0539, 0.0792, 0.0124, 0.0298, 0.0180, 0.0183, 0.0000, 1.3500, 6.8200, 2.7900,55.4000,23.5000,"MOD-PM-00141","2022-09-20T22:55:57","2022-09-20T18:55:57","https://api.quant-aq.com/device-api/v1/devices/MOD-PM-00141/data/raw/183969330"
0, 42.3328,-71.0976,81.58,17.72, 726.000, 213.000,  34.000,   1.000,   1.000,   0.000,   2.833,   4.500,   4.000, 7.1593, 0.7140, 0.0121, 0.0060, 0.0000, 0.0000, 0.0000, 0.0000, 0.0000, 0.0000, 0.0000, 0.0000, 0.1759, 0.0000, 0.0000, 0.0000, 0.0000, 0.0425, 0.0906, 0.0488, 0.0305, 0.0119, 0.0121, 0.0000, 1.2800,14.7300, 2.9300,55.5000,23.5000,"MOD-PM-00141","2022-09-20T22:54:57","2022-09-20T18:54:57","https://api.quant-aq.com/device-api/v1/devices/MOD-PM-00141/data/raw/183968997"
0, 42.3328,-71.0976,81.52,17.73, 719.000, 211.333,  31.333,   1.000,   0.000,   0.000,   2.500,   4.000,   4.000, 7.0531, 0.7279, 0.0000, 0.0000, 0.0000, 0.0000, 0.0000, 0.0000, 0.0000, 0.0000, 0.0000, 0.0000, 0.1936, 0.0000, 0.0000, 0.0000, 0.0000, 0.0490, 0.0608, 0.0417, 0.0242, 0.0000, 0.0302, 0.0120, 1.2500,10.5700, 2.7100,55.5000,23.5000,"MOD-PM-00141","2022-09-20T22:53:57","2022-09-20T18:53:57","https://api.quant-aq.com/device-api/v1/devices/MOD-PM-00141/data/raw/183968718"
0, 42.3328,-71.0976,81.72,17.72, 681.000, 191.000,  32.000,   7.000,   2.333,   0.667,   1.667,   5.833,   3.000, 7.4458, 0.7838, 0.0000, 0.0000, 0.0000, 0.0000, 0.0000, 0.0000, 0.0000, 0.0000, 0.0000, 0.0000, 0.2490, 0.0000, 0.0000, 0.0000, 0.0000, 0.0512, 0.0515, 0.0962, 0.0321, 0.0259, 0.0129, 0.0066, 1.3800, 9.3700, 3.5500,55.7000,23.5000,"MOD-PM-00141","2022-09-20T22:52:57","2022-09-20T18:52:57","https://api.quant-aq.com/device-api/v1/devices/MOD-PM-00141/data/raw/183968354"
0, 42.3328,-71.0976,81.75,17.73, 705.000, 204.000,  30.000,   3.667,   0.000,   0.000,   1.667,   4.167,   3.500, 7.2459, 0.6472, 0.0124, 0.0000, 0.0000, 0.0000, 0.0000, 0.0000, 0.0000, 0.0000, 0.0000, 0.0000, 0.2185, 0.0000, 0.0000, 0.0000, 0.0000, 0.0626, 0.0871, 0.0376, 0.0188, 0.0126, 0.0125, 0.0000, 1.3000,10.9300, 2.7500,55.7000,23.5000,"MOD-PM-00141","2022-09-20T22:51:57","2022-09-20T18:51:57","https://api.quant-aq.com/device-api/v1/devices/MOD-PM-00141/data/raw/183967992"
0, 42.3328,-71.0976,82.03,17.73, 613.000, 173.667,  38.000,   1.667,   0.000,   0.000,   1.500,   3.333,   3.333, 7.2174, 0.6437, 0.0000, 0.0000, 0.0000, 0.0000, 0.0000, 0.0000, 0.0000, 0.0000, 0.0000, 0.0000, 0.2424, 0.0000, 0.0000, 0.0000, 0.0000, 0.0511, 0.1024, 0.0890, 0.0767, 0.0321, 0.0129, 0.0065, 1.3600,11.2100, 4.3400,55.7000,23.5000,"MOD-PM-00141","2022-09-20T22:50:57","2022-09-20T18:50:57","https://api.quant-aq.com/device-api/v1/devices/MOD-PM-00141/data/raw/183967643"
0, 42.3328,-71.0976,81.60,17.73, 688.000, 198.333,  27.667,   2.667,   0.667,   0.000,   1.833,   3.667,   3.333, 7.6462, 0.7297, 0.0000, 0.0069, 0.0000, 0.0000, 0.0000, 0.0000, 0.0000, 0.0000, 0.0000, 0.0000, 0.1922, 0.0000, 0.0000, 0.0000, 0.0000, 0.0410, 0.0678, 0.0400, 0.0608, 0.0272, 0.0131, 0.0065, 1.3300,13.7600, 3.4400,55.6000,23.5000,"MOD-PM-00141","2022-09-20T22:49:57","2022-09-20T18:49:57","https://api.quant-aq.com/device-api/v1/devices/MOD-PM-00141/data/raw/183967328"
0, 42.3328,-71.0976,81.51,17.73, 634.000, 181.333,  27.667,   4.333,   2.333,   2.333,   1.500,   5.167,   3.333, 7.0414, 0.5927, 0.0000, 0.0065, 0.0000, 0.0000, 0.0000, 0.0000, 0.0000, 0.0000, 0.0000, 0.0000, 0.2331, 0.0000, 0.0000, 0.0000, 0.0000, 0.0446, 0.0584, 0.0723, 0.0328, 0.0066, 0.0129, 0.0258, 1.2500,16.7600, 3.0700,55.5000,23.5000,"MOD-PM-00141","2022-09-20T22:48:57","2022-09-20T18:48:57","https://api.quant-aq.com/device-api/v1/devices/MOD-PM-00141/data/raw/183966988"
0, 42.3328,-71.0976,81.49,17.73, 575.000, 172.667,  25.333,   2.333,   0.000,   0.000,   1.500,   3.167,   3.167, 6.5313, 0.7166, 0.0000, 0.0063, 0.0000, 0.0000, 0.0000, 0.0000, 0.0000, 0.0000, 0.0000, 0.0000, 0.2428, 0.0000, 0.0000, 0.0000, 0.0000, 0.0253, 0.0688, 0.0436, 0.0499, 0.0249, 0.0062, 0.0000, 1.2200,10.0800, 3.0800,55.6000,23.5000,"MOD-PM-00141","2022-09-20T22:47:57","2022-09-20T18:47:57","https://api.quant-aq.com/device-api/v1/devices/MOD-PM-00141/data/raw/183966669"
0, 42.3328,-71.0976,81.72,17.73, 734.000, 209.000,  32.333,   3.333,   0.000,   0.000,   1.667,   3.833,   3.167, 6.5440, 0.6128, 0.0061, 0.0000, 0.0000, 0.0000, 0.0000, 0.0000, 0.0000, 0.0000, 0.0000, 0.0000, 0.1927, 0.0000, 0.0000, 0.0000, 0.0000, 0.0548, 0.0961, 0.0597, 0.0721, 0.0183, 0.0000, 0.0121, 1.2200,11.8400, 3.5800,55.7000,23.5000,"MOD-PM-00141","2022-09-20T22:46:57","2022-09-20T18:46:57","https://api.quant-aq.com/device-api/v1/devices/MOD-PM-00141/data/raw/183966290"
0, 42.3328,-71.0976,82.24,17.73, 515.000, 153.333,  20.667,   2.000,   0.000,   0.000,   1.333,   2.500,   2.167, 6.6721, 0.6410, 0.0000, 0.0059, 0.0000, 0.0000, 0.0000, 0.0000, 0.0000, 0.0000, 0.0000, 0.0000, 0.1634, 0.0000, 0.0000, 0.0000, 0.0000, 0.0732, 0.0538, 0.0728, 0.0359, 0.0122, 0.0240, 0.0118, 1.2000,14.7000, 3.1900,55.8000,23.5000,"MOD-PM-00141","2022-09-20T22:45:57","2022-09-20T18:45:57","https://api.quant-aq.com/device-api/v1/devices/MOD-PM-00141/data/raw/183965961"
0, 42.3328,-71.0976,81.72,17.73, 655.000, 183.333,  26.000,   3.333,   1.667,   0.000,   1.833,   4.333,   3.333, 6.4946, 0.6346, 0.0000, 0.0000, 0.0000, 0.0000, 0.0000, 0.0000, 0.0000, 0.0000, 0.0000, 0.0000, 0.2191, 0.0000, 0.0000, 0.0000, 0.0000, 0.0444, 0.0565, 0.0251, 0.0127, 0.0000, 0.0061, 0.0124, 1.1600, 6.5100, 2.0700,55.7000,23.5000,"MOD-PM-00141","2022-09-20T22:44:57","2022-09-20T18:44:57","https://api.quant-aq.com/device-api/v1/devices/MOD-PM-00141/data/raw/183965601"
0, 42.3328,-71.0976,82.04,17.73, 551.000, 151.333,  23.000,   2.667,   1.000,   1.000,   1.500,   3.333,   2.500, 6.1054, 0.6274, 0.0126, 0.0000, 0.0000, 0.0000, 0.0000, 0.0000, 0.0000, 0.0000, 0.0000, 0.0000, 0.2382, 0.0000, 0.0000, 0.0000, 0.0000, 0.0376, 0.0503, 0.0252, 0.0250, 0.0126, 0.0189, 0.0125, 1.1200,14.9400, 2.4800,55.8000,23.5000,"MOD-PM-00141","2022-09-20T22:43:57","2022-09-20T18:43:57","https://api.quant-aq.com/device-api/v1/devices/MOD-PM-00141/data/raw/183965338"
0, 42.3328,-71.0976,81.52,17.73, 595.000, 169.333,  22.000,   0.000,   0.000,   0.000,   1.833,   2.667,   2.667, 6.3707, 0.5186, 0.0000, 0.0000, 0.0000, 0.0000, 0.0000, 0.0000, 0.0000, 0.0000, 0.0000, 0.0000, 0.1749, 0.0000, 0.0000, 0.0000, 0.0000, 0.0482, 0.0362, 0.0661, 0.0179, 0.0121, 0.0242, 0.0120, 1.1000,10.3400, 2.6800,55.6000,23.5000,"MOD-PM-00141","2022-09-20T22:42:57","2022-09-20T18:42:57","https://api.quant-aq.com/device-api/v1/devices/MOD-PM-00141/data/raw/183964973"
0, 42.3328,-71.0976,81.78,17.73, 590.000, 165.000,  21.333,   0.667,   0.000,   0.000,   1.167,   2.000,   2.000, 5.6914, 0.5822, 0.0000, 0.0000, 0.0000, 0.0000, 0.0000, 0.0000, 0.0000, 0.0000, 0.0000, 0.0000, 0.1908, 0.0000, 0.0000, 0.0000, 0.0000, 0.0311, 0.0734, 0.0124, 0.0179, 0.0241, 0.0247, 0.0061, 1.0300, 9.0500, 2.4200,56.0000,23.5000,"MOD-PM-00141","2022-09-20T22:41:57","2022-09-20T18:41:57","https://api.quant-aq.com/device-api/v1/devices/MOD-PM-00141/data/raw/183964621"
0, 42.3328,-71.0976,82.38,17.73, 551.000, 149.667,  26.333,   1.000,   0.667,   0.667,   1.167,   2.333,   1.833, 6.5265, 0.4819, 0.0060, 0.0000, 0.0000, 0.0000, 0.0000, 0.0000, 0.0000, 0.0000, 0.0000, 0.0000, 0.1708, 0.0000, 0.0000, 0.0000, 0.0000, 0.0429, 0.0426, 0.0306, 0.0363, 0.0363, 0.0059, 0.0062, 1.0900,10.4200, 2.7400,56.0000,23.5000,"MOD-PM-00141","2022-09-20T22:40:57","2022-09-20T18:40:57","https://api.quant-aq.com/device-api/v1/devices/MOD-PM-00141/data/raw/183964316"
0, 42.3328,-71.0976,81.85,17.73, 616.000, 172.333,  21.000,   5.333,   1.667,   0.000,   1.167,   4.000,   2.833, 5.7800, 0.4332, 0.0000, 0.0000, 0.0000, 0.0000, 0.0000, 0.0000, 0.0000, 0.0000, 0.0000, 0.0000, 0.1341, 0.0000, 0.0000, 0.0000, 0.0000, 0.0291, 0.0643, 0.0529, 0.0350, 0.0117, 0.0000, 0.0000, 0.9800, 3.8900, 2.4300,56.0000,23.5000,"MOD-PM-00141","2022-09-20T22:39:57","2022-09-20T18:39:57","https://api.quant-aq.com/device-api/v1/devices/MOD-PM-00141/data/raw/183963972"
0, 42.3328,-71.0976,82.52,17.73, 639.000, 183.000,  27.333,   4.000,   1.667,   0.000,   2.000,   4.667,   3.667, 6.7834, 0.6705, 0.0119, 0.0000, 0.0000, 0.0000, 0.0000, 0.0000, 0.0000, 0.0000, 0.0000, 0.0000, 0.1610, 0.0000, 0.0000, 0.0000, 0.0000, 0.0370, 0.0553, 0.0422, 0.0311, 0.0185, 0.0180, 0.0061, 1.1700,13.6200, 2.8000,56.1000,23.5000,"MOD-PM-00141","2022-09-20T22:38:57","2022-09-20T18:38:57","https://api.quant-aq.com/device-api/v1/devices/MOD-PM-00141/data/raw/183963601"
0, 42.3328,-71.0976,82.13,17.73, 634.000, 188.333,  30.000,   0.000,   0.000,   0.000,   1.833,   3.167,   3.167, 6.6885, 0.6534, 0.0000, 0.0000, 0.0000, 0.0000, 0.0000, 0.0000, 0.0000, 0.0000, 0.0000, 0.0000, 0.1983, 0.0000, 0.0000, 0.0000, 0.0000, 0.0698, 0.0411, 0.0409, 0.0409, 0.0174, 0.0174, 0.0174, 1.2000,11.7000, 2.9600,55.9000,23.5000,"MOD-PM-00141","2022-09-20T22:37:57","2022-09-20T18:37:57","https://api.quant-aq.com/device-api/v1/devices/MOD-PM-00141/data/raw/183963274"
0, 42.3328,-71.0976,81.94,17.73, 583.000, 169.333,  33.333,   0.667,   0.667,   0.000,   1.333,   3.333,   2.667, 6.6882, 0.7550, 0.0000, 0.0000, 0.0000, 0.0000, 0.0000, 0.0000, 0.0000, 0.0000, 0.0000, 0.0000, 0.1881, 0.0000, 0.0000, 0.0000, 0.0000, 0.0305, 0.0609, 0.0241, 0.0247, 0.0121, 0.0061, 0.0000, 1.1900, 4.3500, 2.3400,55.8000,23.5000,"MOD-PM-00141","2022-09-20T22:36:57","2022-09-20T18:36:57","https://api.quant-aq.com/device-api/v1/devices/MOD-PM-00141/data/raw/183962888"
0, 42.3328,-71.0976,81.63,17.73, 640.000, 178.000,  27.667,   4.667,   1.667,   0.000,   1.667,   4.667,   3.333, 6.7095, 0.8040, 0.0000, 0.0000, 0.0000, 0.0000, 0.0000, 0.0000, 0.0000, 0.0000, 0.0000, 0.0000, 0.1132, 0.0000, 0.0000, 0.0000, 0.0000, 0.0774, 0.0713, 0.0478, 0.0599, 0.0060, 0.0239, 0.0060, 1.2300, 9.6400, 3.2600,55.6000,23.5000,"MOD-PM-00141","2022-09-20T22:35:57","2022-09-20T18:35:57","https://api.quant-aq.com/device-api/v1/devices/MOD-PM-00141/data/raw/183962578"
0, 42.3328,-71.0976,81.48,17.73, 499.000, 132.667,  18.667,   3.333,   1.333,   0.000,   0.833,   2.333,   1.667, 5.9912, 0.6594, 0.0059, 0.0000, 0.0000, 0.0000, 0.0000, 0.0000, 0.0000, 0.0000, 0.0000, 0.0000, 0.2333, 0.0000, 0.0000, 0.0000, 0.0000, 0.0479, 0.0596, 0.0480, 0.0302, 0.0060, 0.0060, 0.0240, 1.1400,13.3700, 2.6500,55.6000,23.5000,"MOD-PM-00141","2022-09-20T22:34:57","2022-09-20T18:34:57","https://api.quant-aq.com/device-api/v1/devices/MOD-PM-00141/data/raw/183962263"
0, 42.3328,-71.0976,81.94,17.73, 656.000, 188.333,  34.000,   2.333,   0.000,   0.000,   1.833,   4.000,   4.000, 7.6522, 0.7966, 0.0062, 0.0000, 0.0000, 0.0000, 0.0000, 0.0000, 0.0000, 0.0000, 0.0000, 0.0000, 0.3143, 0.0000, 0.0000, 0.0000, 0.0000, 0.0616, 0.0431, 0.0187, 0.0249, 0.0000, 0.0000, 0.0000, 1.4000, 5.4700, 2.3000,55.9000,23.5000,"MOD-PM-00141","2022-09-20T22:33:57","2022-09-20T18:33:57","https://api.quant-aq.com/device-api/v1/devices/MOD-PM-00141/data/raw/183961950"
0, 42.3328,-71.0976,81.80,17.73, 675.000, 193.333,  30.333,   4.000,   2.000,   0.000,   1.833,   4.833,   3.167, 6.6133, 0.6194, 0.0000, 0.0060, 0.0000, 0.0000, 0.0000, 0.0000, 0.0000, 0.0000, 0.0000, 0.0000, 0.1990, 0.0000, 0.0000, 0.0000, 0.0000, 0.0433, 0.0368, 0.0498, 0.0372, 0.0123, 0.0062, 0.0123, 1.1600,11.9100, 2.6800,55.7000,23.5000,"MOD-PM-00141","2022-09-20T22:32:57","2022-09-20T18:32:57","https://api.quant-aq.com/device-api/v1/devices/MOD-PM-00141/data/raw/183961547"
0, 42.3328,-71.0976,81.88,17.73, 659.000, 193.667,  36.000,   2.333,   0.000,   0.000,   1.167,   3.333,   3.000, 6.5909, 0.6227, 0.0063, 0.0000, 0.0000, 0.0000, 0.0000, 0.0000, 0.0000, 0.0000, 0.0000, 0.0000, 0.2427, 0.0000, 0.0000, 0.0000, 0.0000, 0.0686, 0.0495, 0.0436, 0.0000, 0.0124, 0.0187, 0.0000, 1.2100, 8.4500, 2.3700,55.7000,23.5000,"MOD-PM-00141","2022-09-20T22:31:57","2022-09-20T18:31:57","https://api.quant-aq.com/device-api/v1/devices/MOD-PM-00141/data/raw/183961215"
0, 42.3328,-71.0976,81.69,17.72, 580.000, 174.333,  28.667,   1.000,   0.000,   0.000,   1.333,   3.000,   3.000, 6.3302, 0.6580, 0.0000, 0.0000, 0.0000, 0.0000, 0.0000, 0.0000, 0.0000, 0.0000, 0.0000, 0.0000, 0.1340, 0.0000, 0.0000, 0.0000, 0.0000, 0.0851, 0.0915, 0.0364, 0.0365, 0.0061, 0.0060, 0.0061, 1.1700, 6.2900, 2.7200,55.6000,23.5000,"MOD-PM-00141","2022-09-20T22:30:57","2022-09-20T18:30:57","https://api.quant-aq.com/device-api/v1/devices/MOD-PM-00141/data/raw/183960852"
0, 42.3328,-71.0976,81.61,17.73, 507.000, 149.667,  25.000,   4.667,   2.333,   0.000,   1.000,   3.667,   2.333, 5.9762, 0.5706, 0.0000, 0.0000, 0.0000, 0.0000, 0.0000, 0.0000, 0.0000, 0.0000, 0.0000, 0.0000, 0.2019, 0.0000, 0.0000, 0.0000, 0.0000, 0.0832, 0.0297, 0.0354, 0.0177, 0.0117, 0.0060, 0.0059, 1.0900, 5.6700, 2.2200,55.6000,23.5000,"MOD-PM-00141","2022-09-20T22:29:57","2022-09-20T18:29:57","https://api.quant-aq.com/device-api/v1/devices/MOD-PM-00141/data/raw/183960492"
0, 42.3328,-71.0976,81.65,17.73, 526.000, 155.000,  29.000,   0.000,   0.000,   0.000,   1.000,   2.167,   2.167, 6.1314, 0.5541, 0.0000, 0.0000, 0.0000, 0.0000, 0.0000, 0.0000, 0.0000, 0.0000, 0.0000, 0.0000, 0.2351, 0.0000, 0.0000, 0.0000, 0.0000, 0.0730, 0.0424, 0.0488, 0.0419, 0.0177, 0.0000, 0.0000, 1.1400, 4.6100, 2.7400,55.5000,23.5000,"MOD-PM-00141","2022-09-20T22:28:57","2022-09-20T18:28:57","https://api.quant-aq.com/device-api/v1/devices/MOD-PM-00141/data/raw/183960193"
0, 42.3328,-71.0976,81.37,17.73, 621.000, 179.000,  24.333,   1.000,   0.000,   0.000,   1.667,   3.333,   3.333, 6.1540, 0.5773, 0.0061, 0.0000, 0.0000, 0.0000, 0.0000, 0.0000, 0.0000, 0.0000, 0.0000, 0.0000, 0.1706, 0.0000, 0.0000, 0.0000, 0.0000, 0.0306, 0.0485, 0.0427, 0.0363, 0.0242, 0.0121, 0.0182, 1.0700,13.9400, 2.8000,55.6000,23.5000,"MOD-PM-00141","2022-09-20T22:27:57","2022-09-20T18:27:57","https://api.quant-aq.com/device-api/v1/devices/MOD-PM-00141/data/raw/183959903"
0, 42.3328,-71.0976,81.61,17.74, 641.000, 183.000,  20.333,   1.667,   1.333,   0.000,   1.000,   2.667,   1.833, 6.1962, 0.6307, 0.0059, 0.0000, 0.0000, 0.0000, 0.0000, 0.0000, 0.0000, 0.0000, 0.0000, 0.0000, 0.2585, 0.0000, 0.0000, 0.0000, 0.0000, 0.0539, 0.0595, 0.0360, 0.0421, 0.0359, 0.0061, 0.0120, 1.1800,12.4300, 3.1000,55.7000,23.5000,"MOD-PM-00141","2022-09-20T22:26:57","2022-09-20T18:26:57","https://api.quant-aq.com/device-api/v1/devices/MOD-PM-00141/data/raw/183959505"
0, 42.3328,-71.0976,81.77,17.73, 725.000, 217.333,  29.667,   1.000,   0.000,   0.000,   2.333,   3.833,   3.833, 5.6359, 0.6237, 0.0059, 0.0000, 0.0000, 0.0000, 0.0000, 0.0000, 0.0000, 0.0000, 0.0000, 0.0000, 0.1678, 0.0000, 0.0000, 0.0000, 0.0000, 0.0904, 0.0720, 0.0478, 0.0361, 0.0061, 0.0179, 0.0000, 1.1000, 8.8900, 2.7800,55.7000,23.5000,"MOD-PM-00141","2022-09-20T22:25:57","2022-09-20T18:25:57","https://api.quant-aq.com/device-api/v1/devices/MOD-PM-00141/data/raw/183959171"
0, 42.3328,-71.0976,81.78,17.73, 565.000, 158.333,  35.000,   0.333,   0.000,   0.000,   0.500,   2.167,   2.167, 5.4686, 0.4185, 0.0062, 0.0061, 0.0000, 0.0000, 0.0000, 0.0000, 0.0000, 0.0000, 0.0000, 0.0000, 0.2213, 0.0000, 0.0000, 0.0000, 0.0000, 0.0553, 0.0491, 0.0247, 0.0430, 0.0246, 0.0061, 0.0122, 1.0000,15.1500, 2.6200,55.8000,23.5000,"MOD-PM-00141","2022-09-20T22:24:57","2022-09-20T18:24:57","https://api.quant-aq.com/device-api/v1/devices/MOD-PM-00141/data/raw/183958858"
0, 42.3328,-71.0976,81.96,17.74, 630.000, 178.000,  29.000,   2.000,   0.000,   0.000,   1.667,   3.500,   3.500, 5.3748, 0.5194, 0.0063, 0.0000, 0.0000, 0.0000, 0.0000, 0.0000, 0.0000, 0.0000, 0.0000, 0.0000, 0.1567, 0.0000, 0.0000, 0.0000, 0.0000, 0.0623, 0.0501, 0.0500, 0.0126, 0.0063, 0.0062, 0.0125, 0.9900, 9.8000, 2.1900,55.8000,23.5000,"MOD-PM-00141","2022-09-20T22:23:57","2022-09-20T18:23:57","https://api.quant-aq.com/device-api/v1/devices/MOD-PM-00141/data/raw/183958514"
0, 42.3328,-71.0976,81.83,17.73, 608.000, 182.000,  30.333,   6.000,   0.333,   0.000,   2.000,   4.500,   3.667, 5.4773, 0.5199, 0.0000, 0.0000, 0.0000, 0.0000, 0.0000, 0.0000, 0.0000, 0.0000, 0.0000, 0.0000, 0.1565, 0.0000, 0.0000, 0.0000, 0.0000, 0.0238, 0.0546, 0.0544, 0.0429, 0.0120, 0.0244, 0.0061, 0.9800, 9.2800, 2.7800,55.8000,23.5000,"MOD-PM-00141","2022-09-20T22:22:57","2022-09-20T18:22:57","https://api.quant-aq.com/device-api/v1/devices/MOD-PM-00141/data/raw/183958169"
0, 42.3328,-71.0976,81.77,17.74, 669.000, 196.333,  22.667,   4.333,   1.000,   1.000,   1.500,   4.167,   3.333, 6.1974, 0.5399, 0.0000, 0.0000, 0.0000, 0.0000, 0.0000, 0.0000, 0.0000, 0.0000, 0.0000, 0.0000, 0.1650, 0.0000, 0.0000, 0.0000, 0.0000, 0.0487, 0.0421, 0.0487, 0.0424, 0.0000, 0.0244, 0.0244, 1.0800,13.4000, 2.7500,55.8000,23.5000,"MOD-PM-00141","2022-09-20T22:21:57","2022-09-20T18:21:57","https://api.quant-aq.com/device-api/v1/devices/MOD-PM-00141/data/raw/183957835"
0, 42.3328,-71.0976,81.61,17.75, 721.000, 192.667,  29.000,   3.000,   1.000,   0.000,   1.000,   3.167,   2.667, 6.2705, 0.6854, 0.0061, 0.0060, 0.0000, 0.0000, 0.0000, 0.0000, 0.0000, 0.0000, 0.0000, 0.0000, 0.1730, 0.0000, 0.0000, 0.0000, 0.0000, 0.0435, 0.0437, 0.0495, 0.0186, 0.0186, 0.0000, 0.0063, 1.1200,11.8700, 2.4300,55.9000,23.5000,"MOD-PM-00141","2022-09-20T22:20:57","2022-09-20T18:20:57","https://api.quant-aq.com/device-api/v1/devices/MOD-PM-00141/data/raw/183957478"
0, 42.3328,-71.0976,82.35,17.74, 633.000, 180.667,  24.000,   2.333,   0.000,   0.000,   1.167,   2.667,   2.667, 7.4696, 0.7084, 0.0000, 0.0065, 0.0000, 0.0000, 0.0000, 0.0000, 0.0000, 0.0000, 0.0000, 0.0000, 0.2069, 0.0000, 0.0000, 0.0000, 0.0000, 0.0312, 0.1004, 0.0444, 0.0870, 0.0000, 0.0247, 0.0127, 1.3400,16.0200, 3.7300,56.1000,23.5000,"MOD-PM-00141","2022-09-20T22:19:57","2022-09-20T18:19:57","https://api.quant-aq.com/device-api/v1/devices/MOD-PM-00141/data/raw/183957139"
0, 42.3328,-71.0976,82.24,17.74, 703.000, 206.000,  30.000,   4.000,   0.000,   0.000,   2.167,   4.500,   4.500, 6.2313, 0.5996, 0.0063, 0.0000, 0.0000, 0.0000, 0.0000, 0.0000, 0.0000, 0.0000, 0.0000, 0.0000, 0.1727, 0.0000, 0.0000, 0.0000, 0.0000, 0.0246, 0.0309, 0.0370, 0.0371, 0.0124, 0.0061, 0.0123, 1.0600,10.6200, 2.4200,56.0000,23.5000,"MOD-PM-00141","2022-09-20T22:18:57","2022-09-20T18:18:57","https://api.quant-aq.com/device-api/v1/devices/MOD-PM-00141/data/raw/183956781"
0, 42.3328,-71.0976,82.05,17.74, 690.000, 201.667,  35.333,   0.000,   0.000,   0.000,   2.333,   3.833,   3.833, 6.3030, 0.5805, 0.0000, 0.0062, 0.0000, 0.0000, 0.0000, 0.0000, 0.0000, 0.0000, 0.0000, 0.0000, 0.1684, 0.0000, 0.0000, 0.0000, 0.0000, 0.0501, 0.0694, 0.0372, 0.0309, 0.0062, 0.0129, 0.0000, 1.1200, 8.9900, 2.5000,55.8000,23.5000,"MOD-PM-00141","2022-09-20T22:17:57","2022-09-20T18:17:57","https://api.quant-aq.com/device-api/v1/devices/MOD-PM-00141/data/raw/183956449"
0, 42.3328,-71.0976,81.80,17.74, 561.000, 163.333,  37.333,   5.667,   2.000,   1.000,   0.833,   4.500,   3.000, 6.3702, 0.6555, 0.0000, 0.0000, 0.0000, 0.0000, 0.0000, 0.0000, 0.0000, 0.0000, 0.0000, 0.0000, 0.1996, 0.0000, 0.0000, 0.0000, 0.0000, 0.0870, 0.0682, 0.0688, 0.0506, 0.0126, 0.0122, 0.0062, 1.2200, 8.4500, 3.3200,55.7000,23.5000,"MOD-PM-00141","2022-09-20T22:16:57","2022-09-20T18:16:57","https://api.quant-aq.com/device-api/v1/devices/MOD-PM-00141/data/raw/183956087"
0, 42.3328,-71.0976,81.52,17.75, 703.000, 196.333,  25.333,   3.667,   1.000,   0.000,   2.167,   4.167,   3.667, 6.1241, 0.5800, 0.0000, 0.0062, 0.0062, 0.0000, 0.0000, 0.0000, 0.0000, 0.0000, 0.0000, 0.0000, 0.1851, 0.0000, 0.0000, 0.0000, 0.0000, 0.0494, 0.0310, 0.0433, 0.0122, 0.0185, 0.0123, 0.0000, 1.0700,13.4500, 2.2700,55.7000,23.5000,"MOD-PM-00141","2022-09-20T22:15:57","2022-09-20T18:15:57","https://api.quant-aq.com/device-api/v1/devices/MOD-PM-00141/data/raw/183955803"
0, 42.3328,-71.0976,81.58,17.75, 541.000, 167.667,  30.333,   6.333,   0.000,   0.000,   1.000,   4.500,   3.167, 6.4090, 0.5290, 0.0000, 0.0059, 0.0000, 0.0000, 0.0000, 0.0000, 0.0000, 0.0000, 0.0000, 0.0000, 0.1893, 0.0000, 0.0000, 0.0000, 0.0000, 0.0605, 0.0542, 0.0361, 0.0543, 0.0122, 0.0182, 0.0124, 1.1300,13.9800, 2.9700,55.7000,23.5000,"MOD-PM-00141","2022-09-20T22:14:57","2022-09-20T18:14:57","https://api.quant-aq.com/device-api/v1/devices/MOD-PM-00141/data/raw/183955480"
0, 42.3328,-71.0976,81.64,17.76, 586.000, 166.333,  26.333,   0.667,   0.000,   0.000,   1.333,   2.833,   2.833, 5.5452, 0.5172, 0.0062, 0.0000, 0.0000, 0.0000, 0.0000, 0.0000, 0.0000, 0.0000, 0.0000, 0.0000, 0.1751, 0.0000, 0.0000, 0.0000, 0.0000, 0.0237, 0.0422, 0.0359, 0.0120, 0.0119, 0.0058, 0.0058, 0.9700, 7.9600, 1.9900,55.7000,23.6000,"MOD-PM-00141","2022-09-20T22:13:57","2022-09-20T18:13:57","https://api.quant-aq.com/device-api/v1/devices/MOD-PM-00141/data/raw/183955138"
0, 42.3328,-71.0976,81.70,17.76, 560.000, 153.000,  17.000,   1.000,   0.000,   0.000,   1.333,   2.333,   2.333, 5.7995, 0.4290, 0.0000, 0.0000, 0.0000, 0.0000, 0.0000, 0.0000, 0.0000, 0.0000, 0.0000, 0.0000, 0.1533, 0.0000, 0.0000, 0.0000, 0.0000, 0.0258, 0.0385, 0.0323, 0.0639, 0.0127, 0.0190, 0.0000, 0.9700, 7.1800, 2.7100,55.7000,23.6000,"MOD-PM-00141","2022-09-20T22:12:57","2022-09-20T18:12:57","https://api.quant-aq.com/device-api/v1/devices/MOD-PM-00141/data/raw/183954817"
0, 42.3328,-71.0976,81.50,17.77, 618.000, 176.000,  27.333,   2.667,   0.000,   0.000,   0.833,   2.500,   2.500, 5.6450, 0.5149, 0.0000, 0.0000, 0.0000, 0.0000, 0.0000, 0.0000, 0.0000, 0.0000, 0.0000, 0.0000, 0.1524, 0.0000, 0.0000, 0.0000, 0.0000, 0.0570, 0.0574, 0.0508, 0.0128, 0.0064, 0.0000, 0.0000, 1.0200, 2.9000, 2.1100,55.7000,23.6000,"MOD-PM-00141","2022-09-20T22:11:57","2022-09-20T18:11:57","https://api.quant-aq.com/device-api/v1/devices/MOD-PM-00141/data/raw/183954433"
0, 42.3328,-71.0976,81.64,17.77, 599.000, 176.667,  33.000,   2.333,   1.333,   1.333,   0.500,   3.667,   2.500, 5.9714, 0.6245, 0.0000, 0.0000, 0.0000, 0.0000, 0.0000, 0.0000, 0.0000, 0.0000, 0.0000, 0.0000, 0.1725, 0.0000, 0.0000, 0.0000, 0.0000, 0.0248, 0.0309, 0.0370, 0.0246, 0.0062, 0.0061, 0.0000, 1.0400, 3.8000, 2.0700,55.8000,23.6000,"MOD-PM-00141","2022-09-20T22:10:57","2022-09-20T18:10:57","https://api.quant-aq.com/device-api/v1/devices/MOD-PM-00141/data/raw/183954069"
0, 42.3328,-71.0976,81.60,17.77, 616.000, 181.667,  28.333,   3.333,   0.333,   0.000,   1.333,   3.167,   2.667, 5.2498, 0.4391, 0.0000, 0.0000, 0.0000, 0.0000, 0.0000, 0.0000, 0.0000, 0.0000, 0.0000, 0.0000, 0.1145, 0.0000, 0.0000, 0.0000, 0.0000, 0.0242, 0.0360, 0.0361, 0.0301, 0.0179, 0.0059, 0.0060, 0.8700, 6.1700, 2.1600,55.8000,23.6000,"MOD-PM-00141","2022-09-20T22:09:57","2022-09-20T18:09:57","https://api.quant-aq.com/device-api/v1/devices/MOD-PM-00141/data/raw/183953747"
0, 42.3328,-71.0976,81.88,17.77, 542.000, 153.000,  24.333,   3.667,   0.000,   0.000,   1.167,   3.333,   2.500, 5.7685, 0.5200, 0.0000, 0.0000, 0.0000, 0.0000, 0.0000, 0.0000, 0.0000, 0.0000, 0.0000, 0.0000, 0.2043, 0.0000, 0.0000, 0.0000, 0.0000, 0.0312, 0.0432, 0.0614, 0.0494, 0.0126, 0.0249, 0.0063, 1.0400, 9.7600, 2.9900,56.0000,23.6000,"MOD-PM-00141","2022-09-20T22:08:57","2022-09-20T18:08:57","https://api.quant-aq.com/device-api/v1/devices/MOD-PM-00141/data/raw/183953411"
0, 42.3328,-71.0976,81.76,17.78, 605.000, 170.000,  27.333,   0.333,   0.000,   0.000,   1.667,   2.667,   2.500, 5.6239, 0.4060, 0.0000, 0.0061, 0.0000, 0.0000, 0.0000, 0.0000, 0.0000, 0.0000, 0.0000, 0.0000, 0.1720, 0.0000, 0.0000, 0.0000, 0.0000, 0.0368, 0.1166, 0.0558, 0.0309, 0.0368, 0.0000, 0.0061, 1.0400,11.1500, 3.0800,55.9000,23.6000,"MOD-PM-00141","2022-09-20T22:07:57","2022-09-20T18:07:57","https://api.quant-aq.com/device-api/v1/devices/MOD-PM-00141/data/raw/183953099"
0, 42.3328,-71.0976,82.03,17.77, 625.000, 185.333,  26.333,   5.333,   2.000,   0.000,   1.167,   4.500,   3.500, 5.5260, 0.4619, 0.0000, 0.0000, 0.0000, 0.0000, 0.0000, 0.0000, 0.0000, 0.0000, 0.0000, 0.0000, 0.1340, 0.0000, 0.0000, 0.0000, 0.0000, 0.0363, 0.0492, 0.0431, 0.0308, 0.0121, 0.0246, 0.0000, 0.9500, 7.1500, 2.4600,56.0000,23.6000,"MOD-PM-00141","2022-09-20T22:06:57","2022-09-20T18:06:57","https://api.quant-aq.com/device-api/v1/devices/MOD-PM-00141/data/raw/183952730"
0, 42.3328,-71.0976,81.91,17.78, 622.000, 181.667,  26.333,   4.333,   0.667,   0.000,   1.500,   3.833,   3.000, 5.7735, 0.5303, 0.0000, 0.0000, 0.0000, 0.0000, 0.0000, 0.0000, 0.0000, 0.0000, 0.0000, 0.0000, 0.1641, 0.0000, 0.0000, 0.0000, 0.0000, 0.0502, 0.1254, 0.0503, 0.0312, 0.0313, 0.0062, 0.0000, 1.1000, 6.4200, 3.1100,55.7000,23.6000,"MOD-PM-00141","2022-09-20T22:05:57","2022-09-20T18:05:57","https://api.quant-aq.com/device-api/v1/devices/MOD-PM-00141/data/raw/183952398"
0, 42.3328,-71.0976,81.45,17.78, 582.000, 171.333,  27.000,   2.333,   1.000,   1.000,   1.500,   3.667,   3.000, 5.6551, 0.5032, 0.0000, 0.0000, 0.0000, 0.0000, 0.0000, 0.0000, 0.0000, 0.0000, 0.0000, 0.0000, 0.1695, 0.0000, 0.0000, 0.0000, 0.0000, 0.0379, 0.0944, 0.0438, 0.0311, 0.0188, 0.0063, 0.0000, 1.0400, 5.2800, 2.6700,55.6000,23.6000,"MOD-PM-00141","2022-09-20T22:04:57","2022-09-20T18:04:57","https://api.quant-aq.com/device-api/v1/devices/MOD-PM-00141/data/raw/183952038"
0, 42.3328,-71.0976,81.41,17.78, 618.000, 175.333,  21.000,   2.667,   2.667,   1.333,   1.667,   4.000,   2.333, 5.3793, 0.4428, 0.0000, 0.0000, 0.0000, 0.0000, 0.0000, 0.0000, 0.0000, 0.0000, 0.0000, 0.0000, 0.1501, 0.0000, 0.0000, 0.0000, 0.0000, 0.0309, 0.0375, 0.0313, 0.0190, 0.0124, 0.0124, 0.0062, 0.9100, 6.4700, 2.0300,55.6000,23.6000,"MOD-PM-00141","2022-09-20T22:03:57","2022-09-20T18:03:57","https://api.quant-aq.com/device-api/v1/devices/MOD-PM-00141/data/raw/183951722"
0, 42.3328,-71.0976,81.28,17.80, 645.000, 177.000,  25.667,   2.000,   0.000,   0.000,   1.833,   3.167,   3.167, 5.6307, 0.4589, 0.0000, 0.0065, 0.0000, 0.0000, 0.0000, 0.0000, 0.0000, 0.0000, 0.0000, 0.0000, 0.1352, 0.0000, 0.0000, 0.0000, 0.0000, 0.0387, 0.0581, 0.0517, 0.0515, 0.0258, 0.0130, 0.0000, 0.9800,11.0900, 2.9500,55.5000,23.6000,"MOD-PM-00141","2022-09-20T22:02:57","2022-09-20T18:02:57","https://api.quant-aq.com/device-api/v1/devices/MOD-PM-00141/data/raw/183951343"
0, 42.3328,-71.0976,81.03,17.80, 677.000, 188.000,  27.333,   0.333,   0.333,   0.333,   1.833,   3.000,   2.833, 4.7439, 0.3818, 0.0000, 0.0000, 0.0000, 0.0000, 0.0000, 0.0000, 0.0000, 0.0000, 0.0000, 0.0000, 0.1293, 0.0000, 0.0000, 0.0000, 0.0000, 0.0493, 0.0801, 0.0429, 0.0373, 0.0063, 0.0063, 0.0061, 0.8800, 6.0200, 2.3800,55.5000,23.6000,"MOD-PM-00141","2022-09-20T22:01:57","2022-09-20T18:01:57","https://api.quant-aq.com/device-api/v1/devices/MOD-PM-00141/data/raw/183951031"
0, 42.3328,-71.0976,81.39,17.81, 475.000, 134.000,  21.000,   2.000,   0.000,   0.000,   0.833,   1.833,   1.833, 4.8942, 0.3327, 0.0065, 0.0000, 0.0000, 0.0000, 0.0000, 0.0000, 0.0000, 0.0000, 0.0000, 0.0000, 0.1472, 0.0000, 0.0000, 0.0000, 0.0000, 0.0768, 0.0579, 0.0193, 0.0384, 0.0127, 0.0128, 0.0192, 0.8800,13.4000, 2.3900,55.8000,23.6000,"MOD-PM-00141","2022-09-20T22:00:57","2022-09-20T18:00:57","https://api.quant-aq.com/device-api/v1/devices/MOD-PM-00141/data/raw/183950760"
0, 42.3328,-71.0976,81.46,17.81, 587.000, 168.333,  28.667,   2.000,   0.000,   0.000,   1.833,   3.000,   3.000, 5.1934, 0.3943, 0.0125, 0.0062, 0.0000, 0.0000, 0.0000, 0.0000, 0.0000, 0.0000, 0.0000, 0.0000, 0.1377, 0.0000, 0.0000, 0.0000, 0.0000, 0.0628, 0.0688, 0.0438, 0.0437, 0.0125, 0.0127, 0.0125, 0.9400,18.4900, 2.7200,55.7000,23.6000,"MOD-PM-00141","2022-09-20T21:59:57","2022-09-20T17:59:57","https://api.quant-aq.com/device-api/v1/devices/MOD-PM-00141/data/raw/183950391"
0, 42.3328,-71.0976,81.33,17.81, 561.000, 166.333,  23.667,   1.333,   0.000,   0.000,   1.500,   2.667,   2.667, 5.4732, 0.4356, 0.0000, 0.0000, 0.0000, 0.0000, 0.0000, 0.0000, 0.0000, 0.0000, 0.0000, 0.0000, 0.1327, 0.0000, 0.0000, 0.0000, 0.0000, 0.0441, 0.0438, 0.0627, 0.0371, 0.0191, 0.0063, 0.0064, 0.9500, 7.1200, 2.6500,55.7000,23.6000,"MOD-PM-00141","2022-09-20T21:58:57","2022-09-20T17:58:57","https://api.quant-aq.com/device-api/v1/devices/MOD-PM-00141/data/raw/183950050"
0, 42.3328,-71.0976,81.41,17.81, 542.000, 149.333,  25.000,   5.333,   4.000,   1.333,   1.167,   4.667,   2.333, 5.9125, 0.5842, 0.0065, 0.0000, 0.0000, 0.0000, 0.0000, 0.0000, 0.0000, 0.0000, 0.0000, 0.0000, 0.1842, 0.0000, 0.0000, 0.0000, 0.0000, 0.0509, 0.1015, 0.0506, 0.0255, 0.0000, 0.0000, 0.0063, 1.1200, 7.6400, 2.5200,55.7000,23.6000,"MOD-PM-00141","2022-09-20T21:57:57","2022-09-20T17:57:57","https://api.quant-aq.com/device-api/v1/devices/MOD-PM-00141/data/raw/183949736"
0, 42.3328,-71.0976,81.44,17.82, 597.000, 170.333,  17.333,   2.000,   0.000,   0.000,   1.500,   2.833,   2.833, 5.6073, 0.6612, 0.0000, 0.0000, 0.0000, 0.0000, 0.0000, 0.0000, 0.0000, 0.0000, 0.0000, 0.0000, 0.1513, 0.0000, 0.0000, 0.0000, 0.0000, 0.0565, 0.0635, 0.0567, 0.0563, 0.0000, 0.0128, 0.0000, 1.0700, 5.7700, 2.8500,55.7000,23.6000,"MOD-PM-00141","2022-09-20T21:56:57","2022-09-20T17:56:57","https://api.quant-aq.com/device-api/v1/devices/MOD-PM-00141/data/raw/183949330"
0, 42.3328,-71.0976,80.98,17.82, 512.000, 149.667,  27.000,   4.000,   0.000,   0.000,   0.000,   2.167,   2.167, 5.0706, 0.5561, 0.0000, 0.0000, 0.0061, 0.0000, 0.0000, 0.0000, 0.0000, 0.0000, 0.0000, 0.0000, 0.1830, 0.0000, 0.0000, 0.0000, 0.0000, 0.0609, 0.0553, 0.0365, 0.0611, 0.0123, 0.0244, 0.0000, 0.9900,12.4300, 2.9100,55.6000,23.6000,"MOD-PM-00141","2022-09-20T21:55:57","2022-09-20T17:55:57","https://api.quant-aq.com/device-api/v1/devices/MOD-PM-00141/data/raw/183948964"
0, 42.3328,-71.0976,81.41,17.83, 513.000, 139.667,  26.000,   0.333,   0.333,   0.333,   1.167,   2.500,   2.167, 4.9073, 0.4681, 0.0000, 0.0000, 0.0000, 0.0000, 0.0000, 0.0000, 0.0000, 0.0000, 0.0000, 0.0000, 0.1902, 0.0000, 0.0000, 0.0000, 0.0000, 0.0714, 0.0604, 0.0355, 0.0897, 0.0182, 0.0240, 0.0061, 0.9700,10.9000, 3.4100,56.0000,23.6000,"MOD-PM-00141","2022-09-20T21:54:57","2022-09-20T17:54:57","https://api.quant-aq.com/device-api/v1/devices/MOD-PM-00141/data/raw/183948701"
0, 42.3328,-71.0976,81.70,17.83, 662.000, 188.667,  25.667,   2.333,   0.000,   0.000,   2.000,   3.667,   3.667, 4.7420, 0.5189, 0.0000, 0.0000, 0.0000, 0.0000, 0.0000, 0.0000, 0.0000, 0.0000, 0.0000, 0.0000, 0.1804, 0.0000, 0.0000, 0.0000, 0.0000, 0.0239, 0.0605, 0.0780, 0.0244, 0.0180, 0.0120, 0.0120, 0.9200, 9.2200, 2.7100,56.1000,23.6000,"MOD-PM-00141","2022-09-20T21:53:57","2022-09-20T17:53:57","https://api.quant-aq.com/device-api/v1/devices/MOD-PM-00141/data/raw/183948350"
0, 42.3328,-71.0976,81.67,17.83, 615.000, 184.000,  31.667,   3.667,   2.000,   0.000,   1.833,   4.833,   3.667, 5.3826, 0.4196, 0.0000, 0.0000, 0.0000, 0.0000, 0.0000, 0.0000, 0.0000, 0.0000, 0.0000, 0.0000, 0.1474, 0.0000, 0.0000, 0.0000, 0.0000, 0.0576, 0.0507, 0.0757, 0.0628, 0.0129, 0.0134, 0.0000, 0.9800, 7.0000, 3.1300,56.1000,23.6000,"MOD-PM-00141","2022-09-20T21:52:57","2022-09-20T17:52:57","https://api.quant-aq.com/device-api/v1/devices/MOD-PM-00141/data/raw/183947968"
0, 42.3328,-71.0976,81.33,17.83, 681.000, 189.667,  25.667,   2.667,   0.000,   0.000,   1.833,   3.167,   3.167, 5.5725, 0.6248, 0.0063, 0.0064, 0.0000, 0.0000, 0.0000, 0.0000, 0.0000, 0.0000, 0.0000, 0.0000, 0.1838, 0.0000, 0.0000, 0.0000, 0.0000, 0.0635, 0.0702, 0.0575, 0.0317, 0.0127, 0.0000, 0.0064, 1.0800,12.4200, 2.6900,56.0000,23.6000,"MOD-PM-00141","2022-09-20T21:51:57","2022-09-20T17:51:57","https://api.quant-aq.com/device-api/v1/devices/MOD-PM-00141/data/raw/183947658"
0, 42.3328,-71.0976,81.30,17.84, 592.000, 175.333,  24.000,   1.000,   0.333,   0.000,   1.833,   3.167,   3.000, 5.7662, 0.7040, 0.0000, 0.0000, 0.0000, 0.0000, 0.0000, 0.0000, 0.0000, 0.0000, 0.0000, 0.0000, 0.1814, 0.0000, 0.0000, 0.0000, 0.0000, 0.0521, 0.0511, 0.0712, 0.0446, 0.0457, 0.0061, 0.0065, 1.1100, 9.4600, 3.4100,56.1000,23.6000,"MOD-PM-00141","2022-09-20T21:50:57","2022-09-20T17:50:57","https://api.quant-aq.com/device-api/v1/devices/MOD-PM-00141/data/raw/183947230"
0, 42.3328,-71.0976,81.30,17.84, 592.000, 175.333,  24.000,   1.000,   0.333,   0.000,   1.833,   3.167,   3.000, 5.7662, 0.7040, 0.0000, 0.0000, 0.0000, 0.0000, 0.0000, 0.0000, 0.0000, 0.0000, 0.0000, 0.0000, 0.1814, 0.0000, 0.0000, 0.0000, 0.0000, 0.0521, 0.0511, 0.0712, 0.0446, 0.0457, 0.0061, 0.0065, 1.1100, 9.4600, 3.4100,56.1000,23.6000,"MOD-PM-00141","2022-09-20T21:50:57","2022-09-20T17:50:57","https://api.quant-aq.com/device-api/v1/devices/MOD-PM-00141/data/raw/183947524"
0, 42.3328,-71.0976,81.57,17.84, 698.000, 195.333,  20.667,   2.667,   0.000,   0.000,   1.500,   3.000,   3.000, 5.6817, 0.5669, 0.0000, 0.0000, 0.0000, 0.0000, 0.0000, 0.0000, 0.0000, 0.0000, 0.0000, 0.0000, 0.2494, 0.0000, 0.0000, 0.0000, 0.0000, 0.0318, 0.0962, 0.0766, 0.0701, 0.0189, 0.0065, 0.0063, 1.1400, 8.7000, 3.6300,56.2000,23.6000,"MOD-PM-00141","2022-09-20T21:49:57","2022-09-20T17:49:57","https://api.quant-aq.com/device-api/v1/devices/MOD-PM-00141/data/raw/183946890"
0, 42.3328,-71.0976,81.52,17.84, 509.000, 145.333,  24.000,   0.333,   0.000,   0.000,   1.000,   2.500,   2.500, 5.3113, 0.4940, 0.0000, 0.0000, 0.0066, 0.0000, 0.0000, 0.0000, 0.0000, 0.0000, 0.0000, 0.0000, 0.2212, 0.0000, 0.0000, 0.0000, 0.0000, 0.0716, 0.0851, 0.0845, 0.0324, 0.0130, 0.0065, 0.0066, 1.0800,12.0100, 3.0700,56.1000,23.6000,"MOD-PM-00141","2022-09-20T21:48:57","2022-09-20T17:48:57","https://api.quant-aq.com/device-api/v1/devices/MOD-PM-00141/data/raw/183946599"
0, 42.3328,-71.0976,81.21,17.84, 550.000, 160.333,  29.333,   3.000,   0.667,   0.667,   1.167,   3.500,   2.667, 5.0764, 0.5528, 0.0000, 0.0000, 0.0000, 0.0000, 0.0000, 0.0000, 0.0000, 0.0000, 0.0000, 0.0000, 0.1786, 0.0000, 0.0000, 0.0000, 0.0000, 0.0639, 0.0828, 0.0642, 0.0451, 0.0066, 0.0126, 0.0128, 1.0200, 9.4700, 2.9700,56.2000,23.6000,"MOD-PM-00141","2022-09-20T21:47:57","2022-09-20T17:47:57","https://api.quant-aq.com/device-api/v1/devices/MOD-PM-00141/data/raw/183946208"
0, 42.3328,-71.0976,81.48,17.85, 540.000, 150.667,  18.667,   2.667,   1.000,   0.000,   1.000,   2.833,   2.000, 5.2090, 0.4961, 0.0065, 0.0067, 0.0000, 0.0000, 0.0000, 0.0000, 0.0000, 0.0000, 0.0000, 0.0000, 0.1420, 0.0000, 0.0000, 0.0000, 0.0000, 0.0581, 0.0770, 0.0833, 0.0448, 0.0192, 0.0065, 0.0000, 1.0000,12.9600, 3.1300,56.2000,23.6000,"MOD-PM-00141","2022-09-20T21:46:57","2022-09-20T17:46:57","https://api.quant-aq.com/device-api/v1/devices/MOD-PM-00141/data/raw/183945864"
0, 42.3328,-71.0976,81.41,17.85, 643.000, 187.667,  33.667,   3.333,   1.667,   1.667,   1.667,   4.667,   3.500, 4.9629, 0.5271, 0.0000, 0.0000, 0.0000, 0.0000, 0.0000, 0.0000, 0.0000, 0.0000, 0.0000, 0.0000, 0.1567, 0.0000, 0.0000, 0.0000, 0.0000, 0.0501, 0.1254, 0.0685, 0.0435, 0.0125, 0.0249, 0.0063, 1.0200,10.0700, 3.3000,56.2000,23.6000,"MOD-PM-00141","2022-09-20T21:45:57","2022-09-20T17:45:57","https://api.quant-aq.com/device-api/v1/devices/MOD-PM-00141/data/raw/183945614"
0, 42.3328,-71.0976,81.70,17.85, 544.000, 151.000,  19.333,   2.333,   0.000,   0.000,   1.000,   2.333,   2.000, 5.0024, 0.5169, 0.0000, 0.0000, 0.0000, 0.0000, 0.0000, 0.0000, 0.0000, 0.0000, 0.0000, 0.0000, 0.1033, 0.0000, 0.0000, 0.0000, 0.0000, 0.0612, 0.0490, 0.0607, 0.0305, 0.0060, 0.0184, 0.0061, 0.9200, 7.6900, 2.4900,56.3000,23.6000,"MOD-PM-00141","2022-09-20T21:44:57","2022-09-20T17:44:57","https://api.quant-aq.com/device-api/v1/devices/MOD-PM-00141/data/raw/183945271"
0, 42.3328,-71.0976,81.36,17.85, 471.000, 138.333,  17.333,   1.333,   0.667,   0.667,   0.833,   2.000,   1.500, 4.8185, 0.4125, 0.0000, 0.0000, 0.0000, 0.0000, 0.0000, 0.0000, 0.0000, 0.0000, 0.0000, 0.0000, 0.1516, 0.0000, 0.0000, 0.0000, 0.0000, 0.0486, 0.0669, 0.0485, 0.0242, 0.0121, 0.0242, 0.0060, 0.9000, 8.6300, 2.4900,56.3000,23.6000,"MOD-PM-00141","2022-09-20T21:43:57","2022-09-20T17:43:57","https://api.quant-aq.com/device-api/v1/devices/MOD-PM-00141/data/raw/183944908"
0, 42.3328,-71.0976,81.37,17.86, 508.000, 143.333,  20.000,   3.333,   0.000,   0.000,   1.167,   2.667,   2.667, 4.9330, 0.4269, 0.0000, 0.0062, 0.0000, 0.0000, 0.0000, 0.0000, 0.0000, 0.0000, 0.0000, 0.0000, 0.1666, 0.0000, 0.0000, 0.0000, 0.0000, 0.0368, 0.0556, 0.0430, 0.0493, 0.0247, 0.0246, 0.0000, 0.9000,12.3000, 2.8600,56.1000,23.6000,"MOD-PM-00141","2022-09-20T21:42:57","2022-09-20T17:42:57","https://api.quant-aq.com/device-api/v1/devices/MOD-PM-00141/data/raw/183944345"
0, 42.3328,-71.0976,81.22,17.87, 532.000, 145.000,  20.000,   1.667,   1.667,   1.667,   0.333,   2.833,   1.333, 4.5945, 0.5382, 0.0000, 0.0000, 0.0000, 0.0000, 0.0000, 0.0000, 0.0000, 0.0000, 0.0000, 0.0000, 0.1460, 0.0000, 0.0000, 0.0000, 0.0000, 0.0386, 0.0503, 0.0758, 0.0829, 0.0190, 0.0256, 0.0065, 0.9100,11.4200, 3.5300,56.2000,23.6000,"MOD-PM-00141","2022-09-20T21:41:57","2022-09-20T17:41:57","https://api.quant-aq.com/device-api/v1/devices/MOD-PM-00141/data/raw/183944059"
0, 42.3328,-71.0976,81.09,17.88, 516.000, 136.333,  21.667,   1.333,   0.000,   0.000,   0.333,   1.833,   1.333, 4.5515, 0.3843, 0.0066, 0.0000, 0.0000, 0.0000, 0.0000, 0.0000, 0.0000, 0.0000, 0.0000, 0.0000, 0.1547, 0.0000, 0.0000, 0.0000, 0.0000, 0.0644, 0.0764, 0.0834, 0.0901, 0.0061, 0.0061, 0.0255, 0.9200,16.1700, 3.6000,56.2000,23.6000,"MOD-PM-00141","2022-09-20T21:40:57","2022-09-20T17:40:57","https://api.quant-aq.com/device-api/v1/devices/MOD-PM-00141/data/raw/183943741"
0, 42.3328,-71.0976,81.08,17.87, 527.000, 151.000,  31.000,   3.667,   0.000,   0.000,   1.000,   3.167,   2.500, 4.1911, 0.3406, 0.0000, 0.0000, 0.0000, 0.0000, 0.0000, 0.0000, 0.0000, 0.0000, 0.0000, 0.0000, 0.1029, 0.0000, 0.0000, 0.0000, 0.0000, 0.0793, 0.0972, 0.0667, 0.0783, 0.0061, 0.0246, 0.0000, 0.8500, 8.6400, 3.3600,56.3000,23.6000,"MOD-PM-00141","2022-09-20T21:39:57","2022-09-20T17:39:57","https://api.quant-aq.com/device-api/v1/devices/MOD-PM-00141/data/raw/183943480"
0, 42.3328,-71.0976,81.27,17.89, 630.000, 178.333,  17.333,   0.000,   0.000,   0.000,   2.000,   2.333,   2.333, 5.0881, 0.5298, 0.0121, 0.0000, 0.0000, 0.0000, 0.0000, 0.0000, 0.0000, 0.0000, 0.0000, 0.0000, 0.2292, 0.0000, 0.0000, 0.0000, 0.0000, 0.0681, 0.0492, 0.0799, 0.0680, 0.0182, 0.0063, 0.0122, 1.0400,15.1500, 3.4300,56.4000,23.6000,"MOD-PM-00141","2022-09-20T21:38:57","2022-09-20T17:38:57","https://api.quant-aq.com/device-api/v1/devices/MOD-PM-00141/data/raw/183943139"
0, 42.3328,-71.0976,81.31,17.89, 543.000, 161.333,  25.333,   4.333,   1.667,   0.000,   0.833,   4.000,   2.833, 5.0218, 0.4358, 0.0000, 0.0000, 0.0000, 0.0000, 0.0000, 0.0000, 0.0000, 0.0000, 0.0000, 0.0000, 0.1747, 0.0000, 0.0000, 0.0000, 0.0000, 0.0188, 0.0623, 0.0496, 0.0493, 0.0122, 0.0188, 0.0062, 0.9100, 8.6300, 2.7400,56.5000,23.6000,"MOD-PM-00141","2022-09-20T21:37:57","2022-09-20T17:37:57","https://api.quant-aq.com/device-api/v1/devices/MOD-PM-00141/data/raw/183942725"
0, 42.3328,-71.0976,81.40,17.89, 607.000, 158.667,  14.333,   0.333,   0.000,   0.000,   0.333,   1.000,   1.000, 4.8074, 0.4593, 0.0000, 0.0000, 0.0000, 0.0000, 0.0000, 0.0000, 0.0000, 0.0000, 0.0000, 0.0000, 0.1392, 0.0000, 0.0000, 0.0000, 0.0000, 0.0427, 0.0541, 0.0181, 0.0295, 0.0000, 0.0060, 0.0000, 0.8700, 3.2300, 1.8200,56.7000,23.6000,"MOD-PM-00141","2022-09-20T21:36:57","2022-09-20T17:36:57","https://api.quant-aq.com/device-api/v1/devices/MOD-PM-00141/data/raw/183942387"
0, 42.3328,-71.0976,81.56,17.88, 628.000, 178.333,  14.667,   3.000,   0.000,   0.000,   2.000,   3.000,   2.667, 5.0108, 0.3610, 0.0119, 0.0000, 0.0000, 0.0000, 0.0000, 0.0000, 0.0000, 0.0000, 0.0000, 0.0000, 0.1537, 0.0000, 0.0000, 0.0000, 0.0000, 0.0415, 0.0532, 0.0414, 0.0532, 0.0059, 0.0059, 0.0059, 0.8900,11.3300, 2.4900,56.8000,23.6000,"MOD-PM-00141","2022-09-20T21:35:57","2022-09-20T17:35:57","https://api.quant-aq.com/device-api/v1/devices/MOD-PM-00141/data/raw/183942054"
0, 42.3328,-71.0976,81.25,17.88, 627.000, 189.333,  34.333,   3.333,   1.333,   0.000,   1.833,   4.167,   3.333, 4.8983, 0.3671, 0.0000, 0.0000, 0.0000, 0.0000, 0.0000, 0.0000, 0.0000, 0.0000, 0.0000, 0.0000, 0.1839, 0.0000, 0.0000, 0.0000, 0.0000, 0.0308, 0.0672, 0.0429, 0.0367, 0.0060, 0.0246, 0.0000, 0.9000, 6.9400, 2.4700,57.1000,23.6000,"MOD-PM-00141","2022-09-20T21:34:57","2022-09-20T17:34:57","https://api.quant-aq.com/device-api/v1/devices/MOD-PM-00141/data/raw/183941729"
0, 42.3328,-71.0976,82.25,17.88, 663.000, 196.667,  30.000,   1.667,   1.333,   0.000,   2.167,   4.167,   3.333, 5.2158, 0.6110, 0.0000, 0.0000, 0.0000, 0.0000, 0.0000, 0.0000, 0.0000, 0.0000, 0.0000, 0.0000, 0.1637, 0.0000, 0.0000, 0.0000, 0.0000, 0.0430, 0.0442, 0.0624, 0.0195, 0.0065, 0.0000, 0.0000, 0.9900, 3.1400, 2.2000,57.5000,23.6000,"MOD-PM-00141","2022-09-20T21:33:57","2022-09-20T17:33:57","https://api.quant-aq.com/device-api/v1/devices/MOD-PM-00141/data/raw/183941514"
0, 42.3328,-71.0976,82.04,17.87, 694.000, 187.667,  33.000,   4.667,   0.333,   0.000,   1.500,   5.000,   4.000, 6.0567, 0.6300, 0.0000, 0.0000, 0.0000, 0.0000, 0.0000, 0.0000, 0.0000, 0.0000, 0.0000, 0.0000, 0.1211, 0.0000, 0.0000, 0.0000, 0.0000, 0.0605, 0.0904, 0.0788, 0.0301, 0.0122, 0.0062, 0.0061, 1.1300, 6.9400, 3.0000,57.5000,23.5000,"MOD-PM-00141","2022-09-20T21:32:57","2022-09-20T17:32:57","https://api.quant-aq.com/device-api/v1/devices/MOD-PM-00141/data/raw/183941090"
0, 42.3328,-71.0976,82.35,17.85, 719.000, 205.333,  26.333,   1.000,   0.667,   0.000,   2.167,   3.833,   3.333, 5.7465, 0.6933, 0.0061, 0.0000, 0.0000, 0.0000, 0.0000, 0.0000, 0.0000, 0.0000, 0.0000, 0.0000, 0.2039, 0.0000, 0.0000, 0.0000, 0.0000, 0.0680, 0.0871, 0.0497, 0.0494, 0.0124, 0.0000, 0.0000, 1.1600, 7.3100, 2.9700,57.6000,23.5000,"MOD-PM-00141","2022-09-20T21:31:57","2022-09-20T17:31:57","https://api.quant-aq.com/device-api/v1/devices/MOD-PM-00141/data/raw/183940733"
0, 42.3328,-71.0976,82.13,17.83, 728.000, 211.333,  42.000,   6.000,   1.667,   1.667,   2.500,   5.833,   4.500, 5.6457, 0.6312, 0.0000, 0.0062, 0.0000, 0.0000, 0.0000, 0.0000, 0.0000, 0.0000, 0.0000, 0.0000, 0.2651, 0.0000, 0.0000, 0.0000, 0.0000, 0.0786, 0.0657, 0.0542, 0.0725, 0.0119, 0.0059, 0.0000, 1.1700, 9.9400, 3.3100,57.8000,23.5000,"MOD-PM-00141","2022-09-20T21:30:57","2022-09-20T17:30:57","https://api.quant-aq.com/device-api/v1/devices/MOD-PM-00141/data/raw/183940332"
0, 42.3328,-71.0976,82.82,17.81, 646.000, 192.667,  39.000,   2.333,   0.667,   0.667,   2.000,   4.500,   3.833, 6.0045, 0.8153, 0.0060, 0.0000, 0.0000, 0.0000, 0.0000, 0.0000, 0.0000, 0.0000, 0.0000, 0.0000, 0.1943, 0.0000, 0.0000, 0.0000, 0.0000, 0.0490, 0.0975, 0.0486, 0.0422, 0.0123, 0.0303, 0.0183, 1.2000,16.4200, 3.3200,58.0000,23.5000,"MOD-PM-00141","2022-09-20T21:29:57","2022-09-20T17:29:57","https://api.quant-aq.com/device-api/v1/devices/MOD-PM-00141/data/raw/183939999"
0, 42.3328,-71.0976,82.48,17.78, 694.000, 197.000,  37.333,   5.333,   1.000,   1.000,   2.000,   4.833,   4.167, 5.7256, 0.7457, 0.0000, 0.0000, 0.0000, 0.0000, 0.0000, 0.0000, 0.0000, 0.0000, 0.0000, 0.0000, 0.1953, 0.0000, 0.0000, 0.0000, 0.0000, 0.0856, 0.0547, 0.0368, 0.0492, 0.0300, 0.0000, 0.0124, 1.1400, 8.9100, 3.0300,57.7000,23.5000,"MOD-PM-00141","2022-09-20T21:28:57","2022-09-20T17:28:57","https://api.quant-aq.com/device-api/v1/devices/MOD-PM-00141/data/raw/183939650"
0, 42.3328,-71.0976,81.86,17.77, 705.000, 188.333,  29.000,   3.333,   1.000,   0.000,   1.667,   3.667,   2.833, 5.7524, 0.6800, 0.0000, 0.0000, 0.0061, 0.0000, 0.0000, 0.0000, 0.0000, 0.0000, 0.0000, 0.0000, 0.2782, 0.0000, 0.0000, 0.0000, 0.0000, 0.0557, 0.0249, 0.0556, 0.0496, 0.0306, 0.0123, 0.0062, 1.1400,13.4700, 3.1400,57.8000,23.4000,"MOD-PM-00141","2022-09-20T21:27:57","2022-09-20T17:27:57","https://api.quant-aq.com/device-api/v1/devices/MOD-PM-00141/data/raw/183939323"
0, 42.3328,-71.0976,82.35,17.75, 695.000, 200.000,  26.000,   1.333,   0.000,   0.000,   1.167,   2.833,   2.500, 5.8996, 0.6519, 0.0000, 0.0000, 0.0000, 0.0000, 0.0000, 0.0000, 0.0000, 0.0000, 0.0000, 0.0000, 0.1965, 0.0000, 0.0000, 0.0000, 0.0000, 0.0692, 0.0634, 0.0509, 0.0381, 0.0251, 0.0384, 0.0000, 1.1300,10.6600, 3.2500,58.1000,23.4000,"MOD-PM-00141","2022-09-20T21:26:57","2022-09-20T17:26:57","https://api.quant-aq.com/device-api/v1/devices/MOD-PM-00141/data/raw/183938971"
0, 42.3328,-71.0976,82.31,17.73, 580.000, 164.000,  25.000,   4.667,   0.000,   0.000,   1.333,   3.000,   3.000, 5.2236, 0.5262, 0.0000, 0.0062, 0.0000, 0.0000, 0.0000, 0.0000, 0.0000, 0.0000, 0.0000, 0.0000, 0.1824, 0.0000, 0.0000, 0.0000, 0.0000, 0.0601, 0.0674, 0.0549, 0.0366, 0.0183, 0.0000, 0.0062, 1.0100, 9.9700, 2.7000,58.2000,23.4000,"MOD-PM-00141","2022-09-20T21:25:57","2022-09-20T17:25:57","https://api.quant-aq.com/device-api/v1/devices/MOD-PM-00141/data/raw/183938615"
0, 42.3328,-71.0976,82.44,17.71, 577.000, 171.667,  35.000,   1.667,   0.000,   0.000,   1.500,   2.833,   2.833, 5.0686, 0.4809, 0.0062, 0.0000, 0.0000, 0.0000, 0.0000, 0.0000, 0.0000, 0.0000, 0.0000, 0.0000, 0.1762, 0.0000, 0.0000, 0.0000, 0.0000, 0.0487, 0.0672, 0.0549, 0.0180, 0.0062, 0.0000, 0.0183, 0.9600,10.6500, 2.3000,58.2000,23.3000,"MOD-PM-00141","2022-09-20T21:24:57","2022-09-20T17:24:57","https://api.quant-aq.com/device-api/v1/devices/MOD-PM-00141/data/raw/183938324"
0, 42.3328,-71.0976,82.07,17.70, 691.000, 208.333,  26.333,   2.000,   0.333,   0.333,   2.333,   3.667,   3.333, 4.5709, 0.5064, 0.0060, 0.0000, 0.0000, 0.0000, 0.0000, 0.0000, 0.0000, 0.0000, 0.0000, 0.0000, 0.1404, 0.0000, 0.0000, 0.0000, 0.0000, 0.0181, 0.0741, 0.0431, 0.0182, 0.0124, 0.0062, 0.0120, 0.8600, 9.9500, 2.1800,58.5000,23.3000,"MOD-PM-00141","2022-09-20T21:23:57","2022-09-20T17:23:57","https://api.quant-aq.com/device-api/v1/devices/MOD-PM-00141/data/raw/183937979"
0, 42.3328,-71.0976,82.88,17.69, 616.000, 174.333,  31.000,   2.667,   1.000,   0.000,   1.667,   4.000,   3.500, 4.7976, 0.5448, 0.0000, 0.0000, 0.0000, 0.0000, 0.0000, 0.0000, 0.0000, 0.0000, 0.0000, 0.0000, 0.1470, 0.0000, 0.0000, 0.0000, 0.0000, 0.0551, 0.0308, 0.0431, 0.0367, 0.0062, 0.0122, 0.0000, 0.9000, 5.0200, 2.2400,59.2000,23.3000,"MOD-PM-00141","2022-09-20T21:22:57","2022-09-20T17:22:57","https://api.quant-aq.com/device-api/v1/devices/MOD-PM-00141/data/raw/183937603"
0, 42.3328,-71.0976,83.57,17.66, 643.000, 189.000,  23.667,   3.000,   1.667,   0.000,   1.833,   4.333,   3.333, 5.7366, 0.4293, 0.0000, 0.0000, 0.0000, 0.0000, 0.0000, 0.0000, 0.0000, 0.0000, 0.0000, 0.0000, 0.1737, 0.0000, 0.0000, 0.0000, 0.0000, 0.0682, 0.0867, 0.0375, 0.0437, 0.0188, 0.0126, 0.0000, 1.0500, 6.5000, 2.8700,59.2000,23.2000,"MOD-PM-00141","2022-09-20T21:21:57","2022-09-20T17:21:57","https://api.quant-aq.com/device-api/v1/devices/MOD-PM-00141/data/raw/183937256"
0, 42.3328,-71.0976,82.98,17.63, 552.000, 150.667,  19.667,   5.333,   1.000,   0.000,   1.000,   3.167,   2.667, 4.9044, 0.5791, 0.0058, 0.0000, 0.0000, 0.0000, 0.0000, 0.0000, 0.0000, 0.0000, 0.0000, 0.0000, 0.1604, 0.0000, 0.0000, 0.0000, 0.0000, 0.0540, 0.0655, 0.0184, 0.0121, 0.0241, 0.0063, 0.0058, 0.9400, 8.6100, 2.1200,59.2000,23.2000,"MOD-PM-00141","2022-09-20T21:20:57","2022-09-20T17:20:57","https://api.quant-aq.com/device-api/v1/devices/MOD-PM-00141/data/raw/183936889"
0, 42.3328,-71.0976,83.00,17.62, 603.000, 176.333,  20.667,   3.667,   0.000,   0.000,   0.667,   2.500,   2.333, 5.5495, 0.5269, 0.0000, 0.0000, 0.0000, 0.0000, 0.0000, 0.0000, 0.0000, 0.0000, 0.0000, 0.0000, 0.1579, 0.0000, 0.0000, 0.0000, 0.0000, 0.0607, 0.0362, 0.0360, 0.0547, 0.0184, 0.0058, 0.0061, 1.0000, 7.1500, 2.6800,59.7000,23.1000,"MOD-PM-00141","2022-09-20T21:19:57","2022-09-20T17:19:57","https://api.quant-aq.com/device-api/v1/devices/MOD-PM-00141/data/raw/183936579"
0, 42.3328,-71.0976,83.74,17.58, 744.000, 210.333,  37.667,   7.667,   3.333,   3.333,   1.833,   7.000,   4.000, 6.9221, 1.2798, 0.0000, 0.0000, 0.0000, 0.0000, 0.0000, 0.0000, 0.0000, 0.0000, 0.0000, 0.0000, 0.4293, 0.0000, 0.0000, 0.0000, 0.0000, 0.0950, 0.1017, 0.0257, 0.0191, 0.0315, 0.0064, 0.0321, 1.6200,15.0000, 3.5000,60.2000,23.1000,"MOD-PM-00141","2022-09-20T21:18:57","2022-09-20T17:18:57","https://api.quant-aq.com/device-api/v1/devices/MOD-PM-00141/data/raw/183936292"
0, 42.3328,-71.0976,84.09,17.55, 956.000, 266.000,  38.000,   6.000,   1.667,   1.667,   3.667,   7.000,   5.833, 9.9490, 2.2666, 0.0000, 0.0000, 0.0000, 0.0000, 0.0000, 0.0000, 0.0000, 0.0000, 0.0000, 0.0000, 0.8656, 0.0000, 0.0000, 0.0000, 0.0000, 0.1175, 0.0867, 0.0561, 0.0684, 0.0061, 0.0000, 0.0064, 2.5600, 8.3700, 4.9300,60.5000,23.0000,"MOD-PM-00141","2022-09-20T21:17:57","2022-09-20T17:17:57","https://api.quant-aq.com/device-api/v1/devices/MOD-PM-00141/data/raw/183935953"
0, 42.3328,-71.0976,84.01,17.53,1002.000, 292.333,  69.000,   9.333,   2.333,   2.333,   4.000,  10.000,   8.000,15.0556, 5.1141, 0.0000, 0.0061, 0.0000, 0.0000, 0.0000, 0.0000, 0.0000, 0.0000, 0.0000, 0.0000, 1.7919, 0.0000, 0.0000, 0.0000, 0.0000, 0.2693, 0.1108, 0.0485, 0.0545, 0.0121, 0.0000, 0.0000, 4.6900,13.0700, 7.5600,60.4000,22.9000,"MOD-PM-00141","2022-09-20T21:16:57","2022-09-20T17:16:57","https://api.quant-aq.com/device-api/v1/devices/MOD-PM-00141/data/raw/183935523"
0, 42.3328,-71.0976,83.51,17.49, 611.000, 181.667,  26.667,   6.000,   2.333,   0.000,   0.667,   4.333,   2.333, 6.0560, 0.7021, 0.0064, 0.0000, 0.0000, 0.0000, 0.0000, 0.0000, 0.0000, 0.0000, 0.0000, 0.0000, 0.2309, 0.0000, 0.0000, 0.0000, 0.0000, 0.0193, 0.0190, 0.0825, 0.0189, 0.0000, 0.0063, 0.0000, 1.1200, 6.5900, 2.3700,60.7000,22.8000,"MOD-PM-00141","2022-09-20T21:15:57","2022-09-20T17:15:57","https://api.quant-aq.com/device-api/v1/devices/MOD-PM-00141/data/raw/183935241"
0, 42.3328,-71.0976,83.82,17.47, 544.000, 146.333,  16.000,   2.667,   1.000,   0.000,   1.000,   2.500,   2.000, 4.7837, 0.5461, 0.0000, 0.0000, 0.0000, 0.0000, 0.0000, 0.0000, 0.0000, 0.0000, 0.0000, 0.0000, 0.1122, 0.0000, 0.0000, 0.0000, 0.0000, 0.0376, 0.0562, 0.0247, 0.0437, 0.0124, 0.0182, 0.0061, 0.8700, 7.9900, 2.3900,61.1000,22.8000,"MOD-PM-00141","2022-09-20T21:14:57","2022-09-20T17:14:57","https://api.quant-aq.com/device-api/v1/devices/MOD-PM-00141/data/raw/183934849"
0, 42.3328,-71.0976,83.68,17.43, 576.000, 165.333,  26.000,   1.000,   0.333,   0.333,   1.667,   2.667,   2.500, 4.6310, 0.4555, 0.0000, 0.0000, 0.0000, 0.0000, 0.0000, 0.0000, 0.0000, 0.0000, 0.0000, 0.0000, 0.1723, 0.0000, 0.0000, 0.0000, 0.0000, 0.0434, 0.0310, 0.0247, 0.0185, 0.0000, 0.0185, 0.0123, 0.8500, 7.9900, 1.8200,61.7000,22.7000,"MOD-PM-00141","2022-09-20T21:13:57","2022-09-20T17:13:57","https://api.quant-aq.com/device-api/v1/devices/MOD-PM-00141/data/raw/183934568"
0, 42.3328,-71.0976,84.18,17.40, 648.000, 187.667,  24.667,   2.000,   0.333,   0.333,   1.333,   2.833,   2.500, 5.3610, 0.4763, 0.0000, 0.0000, 0.0000, 0.0000, 0.0000, 0.0000, 0.0000, 0.0000, 0.0000, 0.0000, 0.2038, 0.0000, 0.0000, 0.0000, 0.0000, 0.0510, 0.0378, 0.0448, 0.0448, 0.0064, 0.0063, 0.0064, 0.9900, 6.2900, 2.4700,62.3000,22.5000,"MOD-PM-00141","2022-09-20T21:12:57","2022-09-20T17:12:57","https://api.quant-aq.com/device-api/v1/devices/MOD-PM-00141/data/raw/183934168"
0, 42.3328,-71.0976,84.48,17.37, 535.000, 160.333,  15.333,   0.667,   0.667,   0.000,   1.333,   2.000,   1.667, 5.0073, 0.5429, 0.0000, 0.0000, 0.0000, 0.0000, 0.0000, 0.0000, 0.0000, 0.0000, 0.0000, 0.0000, 0.1423, 0.0000, 0.0000, 0.0000, 0.0000, 0.0579, 0.0453, 0.0580, 0.0322, 0.0127, 0.0196, 0.0064, 0.9400, 8.4200, 2.6100,63.1000,22.4000,"MOD-PM-00141","2022-09-20T21:11:57","2022-09-20T17:11:57","https://api.quant-aq.com/device-api/v1/devices/MOD-PM-00141/data/raw/183933858"
0, 42.3328,-71.0976,84.86,17.33, 683.000, 185.000,  16.333,   1.667,   0.000,   0.000,   2.000,   2.667,   2.667, 5.2967, 0.5405, 0.0000, 0.0000, 0.0000, 0.0000, 0.0000, 0.0000, 0.0000, 0.0000, 0.0000, 0.0000, 0.1784, 0.0000, 0.0000, 0.0000, 0.0000, 0.0736, 0.0312, 0.0425, 0.0246, 0.0309, 0.0186, 0.0000, 0.9900, 7.3800, 2.6100,63.8000,22.3000,"MOD-PM-00141","2022-09-20T21:10:57","2022-09-20T17:10:57","https://api.quant-aq.com/device-api/v1/devices/MOD-PM-00141/data/raw/183933490"
0, 42.3328,-71.0976,85.28,17.30, 585.000, 171.333,  26.000,   1.333,   0.667,   0.000,   1.667,   3.667,   3.167, 6.1987, 0.6744, 0.0000, 0.0000, 0.0000, 0.0000, 0.0000, 0.0000, 0.0000, 0.0000, 0.0000, 0.0000, 0.2103, 0.0000, 0.0000, 0.0000, 0.0000, 0.0186, 0.0676, 0.0369, 0.0435, 0.0310, 0.0063, 0.0000, 1.1300, 6.3200, 2.9100,64.7000,22.1000,"MOD-PM-00141","2022-09-20T21:09:57","2022-09-20T17:09:57","https://api.quant-aq.com/device-api/v1/devices/MOD-PM-00141/data/raw/183933176"
0, 42.3328,-71.0976,85.25,17.25, 720.000, 204.667,  27.667,   2.667,   2.000,   2.000,   2.000,   5.333,   3.333, 6.2336, 0.6242, 0.0000, 0.0000, 0.0000, 0.0000, 0.0000, 0.0000, 0.0000, 0.0000, 0.0000, 0.0000, 0.2094, 0.0000, 0.0000, 0.0000, 0.0000, 0.0424, 0.0306, 0.0537, 0.0179, 0.0060, 0.0058, 0.0126, 1.1200, 7.2600, 2.3100,65.3000,21.9000,"MOD-PM-00141","2022-09-20T21:08:57","2022-09-20T17:08:57","https://api.quant-aq.com/device-api/v1/devices/MOD-PM-00141/data/raw/183932860"
0, 42.3328,-71.0976,85.30,17.22, 701.000, 198.333,  37.333,   4.333,   1.667,   1.000,   2.167,   5.333,   3.667, 6.4339, 0.7437, 0.0000, 0.0000, 0.0000, 0.0000, 0.0000, 0.0000, 0.0000, 0.0000, 0.0000, 0.0000, 0.2094, 0.0000, 0.0000, 0.0000, 0.0000, 0.0606, 0.0369, 0.0609, 0.0061, 0.0182, 0.0122, 0.0000, 1.2000, 5.5000, 2.5200,66.5000,21.7000,"MOD-PM-00141","2022-09-20T21:07:57","2022-09-20T17:07:57","https://api.quant-aq.com/device-api/v1/devices/MOD-PM-00141/data/raw/183932480"
0, 42.3328,-71.0976,85.62,17.17, 757.000, 222.000,  33.667,   1.667,   0.000,   0.000,   2.833,   5.000,   5.000, 6.1005, 0.6435, 0.0000, 0.0000, 0.0000, 0.0000, 0.0000, 0.0000, 0.0000, 0.0000, 0.0000, 0.0000, 0.1681, 0.0000, 0.0000, 0.0000, 0.0000, 0.0418, 0.0603, 0.0542, 0.0061, 0.0121, 0.0181, 0.0060, 1.1000, 7.4500, 2.4200,67.8000,21.4000,"MOD-PM-00141","2022-09-20T21:06:57","2022-09-20T17:06:57","https://api.quant-aq.com/device-api/v1/devices/MOD-PM-00141/data/raw/183932126"
0, 42.3328,-71.0976,86.15,17.12, 637.000, 187.667,  38.000,   0.000,   0.000,   0.000,   0.667,   2.833,   2.833, 6.5537, 0.6307, 0.0000, 0.0000, 0.0000, 0.0000, 0.0000, 0.0000, 0.0000, 0.0000, 0.0000, 0.0000, 0.1939, 0.0000, 0.0000, 0.0000, 0.0000, 0.0616, 0.0355, 0.0432, 0.0483, 0.0063, 0.0059, 0.0059, 1.1700, 6.3800, 2.6800,69.3000,21.1000,"MOD-PM-00141","2022-09-20T21:05:57","2022-09-20T17:05:57","https://api.quant-aq.com/device-api/v1/devices/MOD-PM-00141/data/raw/183931790"
0, 42.3328,-71.0976,86.06,17.07, 846.000, 247.000,  46.333,   2.667,   1.333,   1.333,   2.500,   6.000,   4.833, 6.8764, 0.7660, 0.0000, 0.0000, 0.0063, 0.0000, 0.0000, 0.0000, 0.0000, 0.0000, 0.0000, 0.0000, 0.2348, 0.0000, 0.0000, 0.0000, 0.0000, 0.0381, 0.0446, 0.0508, 0.0634, 0.0000, 0.0063, 0.0000, 1.2600, 9.6000, 2.9400,70.9000,20.6000,"MOD-PM-00141","2022-09-20T21:04:57","2022-09-20T17:04:57","https://api.quant-aq.com/device-api/v1/devices/MOD-PM-00141/data/raw/183931470"
0, 42.3328,-71.0976,86.10,17.04, 633.000, 172.333,  28.667,   2.333,   2.333,   0.000,   1.167,   3.667,   2.333, 7.3621, 0.7391, 0.0141, 0.0000, 0.0000, 0.0000, 0.0000, 0.0000, 0.0000, 0.0000, 0.0000, 0.0000, 0.2860, 0.0000, 0.0000, 0.0000, 0.0000, 0.0473, 0.0667, 0.0411, 0.0681, 0.0071, 0.0000, 0.0069, 1.3700,12.8000, 3.2400,73.5000,20.1000,"MOD-PM-00141","2022-09-20T21:03:57","2022-09-20T17:03:57","https://api.quant-aq.com/device-api/v1/devices/MOD-PM-00141/data/raw/183931149"
0, 42.3328,-71.0976,86.71,17.00, 968.400, 259.200,  41.600,   3.200,   0.000,   0.000,   2.200,   4.600,   4.600, 7.1815, 0.6283, 0.0000, 0.0000, 0.0000, 0.0000, 0.0000, 0.0000, 0.0000, 0.0000, 0.0000, 0.0000, 0.1522, 0.0000, 0.0000, 0.0000, 0.0000, 0.0608, 0.0639, 0.0634, 0.0000, 0.0000, 0.0312, 0.0000, 1.2300, 7.0300, 2.5300,76.1000,19.6000,"MOD-PM-00141","2022-09-20T21:02:57","2022-09-20T17:02:57","https://api.quant-aq.com/device-api/v1/devices/MOD-PM-00141/data/raw/183930727"
